shop_name,product_name,date,units_sold
Shop_A,Rice,2025-01-01,55
Shop_A,Rice,2025-01-02,60
Shop_A,Rice,2025-01-03,60
Shop_A,Rice,2025-01-04,64
Shop_A,Rice,2025-01-05,53
Shop_A,Rice,2025-01-06,57
Shop_A,Rice,2025-01-07,47
Shop_A,Rice,2025-01-08,55
Shop_A,Rice,2025-01-09,59
Shop_A,Rice,2025-01-10,53
Shop_A,Rice,2025-01-11,58
Shop_A,Rice,2025-01-12,57
Shop_A,Rice,2025-01-13,58
Shop_A,Rice,2025-01-14,55
Shop_A,Rice,2025-01-15,55
Shop_A,Rice,2025-01-16,57
Shop_A,Rice,2025-01-17,59
Shop_A,Rice,2025-01-18,54
Shop_A,Rice,2025-01-19,58
Shop_A,Rice,2025-01-20,57
Shop_A,Rice,2025-01-21,63
Shop_A,Rice,2025-01-22,57
Shop_A,Rice,2025-01-23,55
Shop_A,Rice,2025-01-24,67
Shop_A,Rice,2025-01-25,47
Shop_A,Rice,2025-01-26,63
Shop_A,Rice,2025-01-27,61
Shop_A,Rice,2025-01-28,52
Shop_A,Rice,2025-01-29,63
Shop_A,Rice,2025-01-30,59
Shop_A,Rice,2025-01-31,56
Shop_A,Rice,2025-02-01,52
Shop_A,Rice,2025-02-02,60
Shop_A,Rice,2025-02-03,54
Shop_A,Rice,2025-02-04,51
Shop_A,Rice,2025-02-05,56
Shop_A,Rice,2025-02-06,55
Shop_A,Rice,2025-02-07,58
Shop_A,Rice,2025-02-08,57
Shop_A,Rice,2025-02-09,64
Shop_A,Rice,2025-02-10,61
Shop_A,Rice,2025-02-11,57
Shop_A,Rice,2025-02-12,53
Shop_A,Rice,2025-02-13,63
Shop_A,Rice,2025-02-14,61
Shop_A,Rice,2025-02-15,71
Shop_A,Rice,2025-02-16,59
Shop_A,Rice,2025-02-17,66
Shop_A,Rice,2025-02-18,60
Shop_A,Rice,2025-02-19,58
Shop_A,Rice,2025-02-20,50
Shop_A,Rice,2025-02-21,61
Shop_A,Rice,2025-02-22,53
Shop_A,Rice,2025-02-23,55
Shop_A,Rice,2025-02-24,57
Shop_A,Rice,2025-02-25,56
Shop_A,Rice,2025-02-26,50
Shop_A,Rice,2025-02-27,54
Shop_A,Rice,2025-02-28,62
Shop_A,Rice,2025-03-01,71
Shop_A,Rice,2025-03-02,71
Shop_A,Rice,2025-03-03,68
Shop_A,Rice,2025-03-04,71
Shop_A,Rice,2025-03-05,69
Shop_A,Rice,2025-03-06,67
Shop_A,Rice,2025-03-07,73
Shop_A,Rice,2025-03-08,66
Shop_A,Rice,2025-03-09,64
Shop_A,Rice,2025-03-10,74
Shop_A,Rice,2025-03-11,74
Shop_A,Rice,2025-03-12,60
Shop_A,Rice,2025-03-13,71
Shop_A,Rice,2025-03-14,57
Shop_A,Rice,2025-03-15,73
Shop_A,Rice,2025-03-16,63
Shop_A,Rice,2025-03-17,71
Shop_A,Rice,2025-03-18,64
Shop_A,Rice,2025-03-19,69
Shop_A,Rice,2025-03-20,61
Shop_A,Rice,2025-03-21,66
Shop_A,Rice,2025-03-22,67
Shop_A,Rice,2025-03-23,72
Shop_A,Rice,2025-03-24,76
Shop_A,Rice,2025-03-25,70
Shop_A,Rice,2025-03-26,69
Shop_A,Rice,2025-03-27,62
Shop_A,Rice,2025-03-28,60
Shop_A,Rice,2025-03-29,68
Shop_A,Rice,2025-03-30,68
Shop_A,Rice,2025-03-31,71
Shop_A,Rice,2025-04-01,71
Shop_A,Rice,2025-04-02,69
Shop_A,Rice,2025-04-03,60
Shop_A,Rice,2025-04-04,72
Shop_A,Rice,2025-04-05,67
Shop_A,Rice,2025-04-06,63
Shop_A,Rice,2025-04-07,65
Shop_A,Rice,2025-04-08,61
Shop_A,Rice,2025-04-09,66
Shop_A,Rice,2025-04-10,71
Shop_A,Rice,2025-04-11,66
Shop_A,Rice,2025-04-12,63
Shop_A,Rice,2025-04-13,66
Shop_A,Rice,2025-04-14,70
Shop_A,Rice,2025-04-15,61
Shop_A,Rice,2025-04-16,62
Shop_A,Rice,2025-04-17,68
Shop_A,Rice,2025-04-18,61
Shop_A,Rice,2025-04-19,77
Shop_A,Rice,2025-04-20,67
Shop_A,Rice,2025-04-21,63
Shop_A,Rice,2025-04-22,63
Shop_A,Rice,2025-04-23,65
Shop_A,Rice,2025-04-24,65
Shop_A,Rice,2025-04-25,57
Shop_A,Rice,2025-04-26,74
Shop_A,Rice,2025-04-27,67
Shop_A,Rice,2025-04-28,67
Shop_A,Rice,2025-04-29,72
Shop_A,Rice,2025-04-30,62
Shop_A,Rice,2025-05-01,54
Shop_A,Rice,2025-05-02,60
Shop_A,Rice,2025-05-03,57
Shop_A,Rice,2025-05-04,59
Shop_A,Rice,2025-05-05,57
Shop_A,Rice,2025-05-06,56
Shop_A,Rice,2025-05-07,65
Shop_A,Rice,2025-05-08,63
Shop_A,Rice,2025-05-09,45
Shop_A,Rice,2025-05-10,65
Shop_A,Rice,2025-05-11,68
Shop_A,Rice,2025-05-12,64
Shop_A,Rice,2025-05-13,56
Shop_A,Rice,2025-05-14,54
Shop_A,Rice,2025-05-15,61
Shop_A,Rice,2025-05-16,54
Shop_A,Rice,2025-05-17,59
Shop_A,Rice,2025-05-18,57
Shop_A,Rice,2025-05-19,64
Shop_A,Rice,2025-05-20,56
Shop_A,Rice,2025-05-21,55
Shop_A,Rice,2025-05-22,59
Shop_A,Rice,2025-05-23,67
Shop_A,Rice,2025-05-24,58
Shop_A,Rice,2025-05-25,55
Shop_A,Rice,2025-05-26,62
Shop_A,Rice,2025-05-27,61
Shop_A,Rice,2025-05-28,53
Shop_A,Rice,2025-05-29,55
Shop_A,Rice,2025-05-30,63
Shop_A,Rice,2025-05-31,60
Shop_A,Rice,2025-06-01,45
Shop_A,Rice,2025-06-02,60
Shop_A,Rice,2025-06-03,62
Shop_A,Rice,2025-06-04,53
Shop_A,Rice,2025-06-05,61
Shop_A,Rice,2025-06-06,67
Shop_A,Rice,2025-06-07,59
Shop_A,Rice,2025-06-08,54
Shop_A,Rice,2025-06-09,55
Shop_A,Rice,2025-06-10,58
Shop_A,Rice,2025-06-11,59
Shop_A,Rice,2025-06-12,58
Shop_A,Rice,2025-06-13,60
Shop_A,Rice,2025-06-14,57
Shop_A,Rice,2025-06-15,58
Shop_A,Rice,2025-06-16,62
Shop_A,Rice,2025-06-17,52
Shop_A,Rice,2025-06-18,58
Shop_A,Rice,2025-06-19,58
Shop_A,Rice,2025-06-20,62
Shop_A,Rice,2025-06-21,56
Shop_A,Rice,2025-06-22,61
Shop_A,Rice,2025-06-23,63
Shop_A,Rice,2025-06-24,48
Shop_A,Rice,2025-06-25,63
Shop_A,Rice,2025-06-26,53
Shop_A,Rice,2025-06-27,52
Shop_A,Rice,2025-06-28,43
Shop_A,Rice,2025-06-29,53
Shop_A,Rice,2025-06-30,57
Shop_A,Oil,2025-01-01,65
Shop_A,Oil,2025-01-02,70
Shop_A,Oil,2025-01-03,73
Shop_A,Oil,2025-01-04,69
Shop_A,Oil,2025-01-05,71
Shop_A,Oil,2025-01-06,62
Shop_A,Oil,2025-01-07,67
Shop_A,Oil,2025-01-08,60
Shop_A,Oil,2025-01-09,63
Shop_A,Oil,2025-01-10,71
Shop_A,Oil,2025-01-11,65
Shop_A,Oil,2025-01-12,73
Shop_A,Oil,2025-01-13,69
Shop_A,Oil,2025-01-14,80
Shop_A,Oil,2025-01-15,67
Shop_A,Oil,2025-01-16,59
Shop_A,Oil,2025-01-17,66
Shop_A,Oil,2025-01-18,62
Shop_A,Oil,2025-01-19,71
Shop_A,Oil,2025-01-20,67
Shop_A,Oil,2025-01-21,66
Shop_A,Oil,2025-01-22,66
Shop_A,Oil,2025-01-23,70
Shop_A,Oil,2025-01-24,64
Shop_A,Oil,2025-01-25,70
Shop_A,Oil,2025-01-26,72
Shop_A,Oil,2025-01-27,65
Shop_A,Oil,2025-01-28,62
Shop_A,Oil,2025-01-29,64
Shop_A,Oil,2025-01-30,70
Shop_A,Oil,2025-01-31,67
Shop_A,Oil,2025-02-01,70
Shop_A,Oil,2025-02-02,75
Shop_A,Oil,2025-02-03,68
Shop_A,Oil,2025-02-04,62
Shop_A,Oil,2025-02-05,72
Shop_A,Oil,2025-02-06,67
Shop_A,Oil,2025-02-07,71
Shop_A,Oil,2025-02-08,72
Shop_A,Oil,2025-02-09,62
Shop_A,Oil,2025-02-10,73
Shop_A,Oil,2025-02-11,71
Shop_A,Oil,2025-02-12,63
Shop_A,Oil,2025-02-13,68
Shop_A,Oil,2025-02-14,68
Shop_A,Oil,2025-02-15,67
Shop_A,Oil,2025-02-16,71
Shop_A,Oil,2025-02-17,74
Shop_A,Oil,2025-02-18,67
Shop_A,Oil,2025-02-19,73
Shop_A,Oil,2025-02-20,71
Shop_A,Oil,2025-02-21,68
Shop_A,Oil,2025-02-22,67
Shop_A,Oil,2025-02-23,61
Shop_A,Oil,2025-02-24,59
Shop_A,Oil,2025-02-25,67
Shop_A,Oil,2025-02-26,62
Shop_A,Oil,2025-02-27,66
Shop_A,Oil,2025-02-28,64
Shop_A,Oil,2025-03-01,68
Shop_A,Oil,2025-03-02,78
Shop_A,Oil,2025-03-03,74
Shop_A,Oil,2025-03-04,77
Shop_A,Oil,2025-03-05,72
Shop_A,Oil,2025-03-06,75
Shop_A,Oil,2025-03-07,84
Shop_A,Oil,2025-03-08,77
Shop_A,Oil,2025-03-09,79
Shop_A,Oil,2025-03-10,70
Shop_A,Oil,2025-03-11,88
Shop_A,Oil,2025-03-12,86
Shop_A,Oil,2025-03-13,83
Shop_A,Oil,2025-03-14,81
Shop_A,Oil,2025-03-15,77
Shop_A,Oil,2025-03-16,79
Shop_A,Oil,2025-03-17,82
Shop_A,Oil,2025-03-18,73
Shop_A,Oil,2025-03-19,74
Shop_A,Oil,2025-03-20,68
Shop_A,Oil,2025-03-21,73
Shop_A,Oil,2025-03-22,85
Shop_A,Oil,2025-03-23,75
Shop_A,Oil,2025-03-24,75
Shop_A,Oil,2025-03-25,78
Shop_A,Oil,2025-03-26,68
Shop_A,Oil,2025-03-27,81
Shop_A,Oil,2025-03-28,83
Shop_A,Oil,2025-03-29,78
Shop_A,Oil,2025-03-30,85
Shop_A,Oil,2025-03-31,70
Shop_A,Oil,2025-04-01,86
Shop_A,Oil,2025-04-02,73
Shop_A,Oil,2025-04-03,70
Shop_A,Oil,2025-04-04,75
Shop_A,Oil,2025-04-05,86
Shop_A,Oil,2025-04-06,76
Shop_A,Oil,2025-04-07,72
Shop_A,Oil,2025-04-08,70
Shop_A,Oil,2025-04-09,76
Shop_A,Oil,2025-04-10,67
Shop_A,Oil,2025-04-11,70
Shop_A,Oil,2025-04-12,84
Shop_A,Oil,2025-04-13,83
Shop_A,Oil,2025-04-14,76
Shop_A,Oil,2025-04-15,74
Shop_A,Oil,2025-04-16,77
Shop_A,Oil,2025-04-17,88
Shop_A,Oil,2025-04-18,79
Shop_A,Oil,2025-04-19,81
Shop_A,Oil,2025-04-20,75
Shop_A,Oil,2025-04-21,77
Shop_A,Oil,2025-04-22,80
Shop_A,Oil,2025-04-23,77
Shop_A,Oil,2025-04-24,67
Shop_A,Oil,2025-04-25,83
Shop_A,Oil,2025-04-26,73
Shop_A,Oil,2025-04-27,87
Shop_A,Oil,2025-04-28,80
Shop_A,Oil,2025-04-29,77
Shop_A,Oil,2025-04-30,79
Shop_A,Oil,2025-05-01,66
Shop_A,Oil,2025-05-02,64
Shop_A,Oil,2025-05-03,68
Shop_A,Oil,2025-05-04,71
Shop_A,Oil,2025-05-05,64
Shop_A,Oil,2025-05-06,63
Shop_A,Oil,2025-05-07,65
Shop_A,Oil,2025-05-08,71
Shop_A,Oil,2025-05-09,74
Shop_A,Oil,2025-05-10,68
Shop_A,Oil,2025-05-11,69
Shop_A,Oil,2025-05-12,63
Shop_A,Oil,2025-05-13,71
Shop_A,Oil,2025-05-14,69
Shop_A,Oil,2025-05-15,63
Shop_A,Oil,2025-05-16,58
Shop_A,Oil,2025-05-17,60
Shop_A,Oil,2025-05-18,63
Shop_A,Oil,2025-05-19,72
Shop_A,Oil,2025-05-20,74
Shop_A,Oil,2025-05-21,64
Shop_A,Oil,2025-05-22,64
Shop_A,Oil,2025-05-23,68
Shop_A,Oil,2025-05-24,67
Shop_A,Oil,2025-05-25,71
Shop_A,Oil,2025-05-26,64
Shop_A,Oil,2025-05-27,71
Shop_A,Oil,2025-05-28,65
Shop_A,Oil,2025-05-29,71
Shop_A,Oil,2025-05-30,65
Shop_A,Oil,2025-05-31,63
Shop_A,Oil,2025-06-01,76
Shop_A,Oil,2025-06-02,72
Shop_A,Oil,2025-06-03,58
Shop_A,Oil,2025-06-04,64
Shop_A,Oil,2025-06-05,73
Shop_A,Oil,2025-06-06,61
Shop_A,Oil,2025-06-07,70
Shop_A,Oil,2025-06-08,70
Shop_A,Oil,2025-06-09,63
Shop_A,Oil,2025-06-10,66
Shop_A,Oil,2025-06-11,56
Shop_A,Oil,2025-06-12,75
Shop_A,Oil,2025-06-13,65
Shop_A,Oil,2025-06-14,71
Shop_A,Oil,2025-06-15,70
Shop_A,Oil,2025-06-16,73
Shop_A,Oil,2025-06-17,64
Shop_A,Oil,2025-06-18,68
Shop_A,Oil,2025-06-19,69
Shop_A,Oil,2025-06-20,71
Shop_A,Oil,2025-06-21,72
Shop_A,Oil,2025-06-22,64
Shop_A,Oil,2025-06-23,63
Shop_A,Oil,2025-06-24,73
Shop_A,Oil,2025-06-25,56
Shop_A,Oil,2025-06-26,74
Shop_A,Oil,2025-06-27,65
Shop_A,Oil,2025-06-28,66
Shop_A,Oil,2025-06-29,63
Shop_A,Oil,2025-06-30,66
Shop_A,Sugar,2025-01-01,50
Shop_A,Sugar,2025-01-02,49
Shop_A,Sugar,2025-01-03,51
Shop_A,Sugar,2025-01-04,52
Shop_A,Sugar,2025-01-05,44
Shop_A,Sugar,2025-01-06,39
Shop_A,Sugar,2025-01-07,42
Shop_A,Sugar,2025-01-08,46
Shop_A,Sugar,2025-01-09,34
Shop_A,Sugar,2025-01-10,52
Shop_A,Sugar,2025-01-11,37
Shop_A,Sugar,2025-01-12,49
Shop_A,Sugar,2025-01-13,46
Shop_A,Sugar,2025-01-14,48
Shop_A,Sugar,2025-01-15,44
Shop_A,Sugar,2025-01-16,48
Shop_A,Sugar,2025-01-17,44
Shop_A,Sugar,2025-01-18,44
Shop_A,Sugar,2025-01-19,42
Shop_A,Sugar,2025-01-20,54
Shop_A,Sugar,2025-01-21,48
Shop_A,Sugar,2025-01-22,48
Shop_A,Sugar,2025-01-23,42
Shop_A,Sugar,2025-01-24,45
Shop_A,Sugar,2025-01-25,42
Shop_A,Sugar,2025-01-26,44
Shop_A,Sugar,2025-01-27,40
Shop_A,Sugar,2025-01-28,54
Shop_A,Sugar,2025-01-29,43
Shop_A,Sugar,2025-01-30,42
Shop_A,Sugar,2025-01-31,40
Shop_A,Sugar,2025-02-01,43
Shop_A,Sugar,2025-02-02,44
Shop_A,Sugar,2025-02-03,46
Shop_A,Sugar,2025-02-04,43
Shop_A,Sugar,2025-02-05,38
Shop_A,Sugar,2025-02-06,39
Shop_A,Sugar,2025-02-07,50
Shop_A,Sugar,2025-02-08,46
Shop_A,Sugar,2025-02-09,50
Shop_A,Sugar,2025-02-10,50
Shop_A,Sugar,2025-02-11,47
Shop_A,Sugar,2025-02-12,40
Shop_A,Sugar,2025-02-13,47
Shop_A,Sugar,2025-02-14,53
Shop_A,Sugar,2025-02-15,44
Shop_A,Sugar,2025-02-16,48
Shop_A,Sugar,2025-02-17,46
Shop_A,Sugar,2025-02-18,53
Shop_A,Sugar,2025-02-19,43
Shop_A,Sugar,2025-02-20,52
Shop_A,Sugar,2025-02-21,45
Shop_A,Sugar,2025-02-22,43
Shop_A,Sugar,2025-02-23,47
Shop_A,Sugar,2025-02-24,48
Shop_A,Sugar,2025-02-25,56
Shop_A,Sugar,2025-02-26,48
Shop_A,Sugar,2025-02-27,47
Shop_A,Sugar,2025-02-28,54
Shop_A,Sugar,2025-03-01,60
Shop_A,Sugar,2025-03-02,53
Shop_A,Sugar,2025-03-03,63
Shop_A,Sugar,2025-03-04,53
Shop_A,Sugar,2025-03-05,53
Shop_A,Sugar,2025-03-06,52
Shop_A,Sugar,2025-03-07,52
Shop_A,Sugar,2025-03-08,58
Shop_A,Sugar,2025-03-09,55
Shop_A,Sugar,2025-03-10,39
Shop_A,Sugar,2025-03-11,55
Shop_A,Sugar,2025-03-12,54
Shop_A,Sugar,2025-03-13,61
Shop_A,Sugar,2025-03-14,54
Shop_A,Sugar,2025-03-15,69
Shop_A,Sugar,2025-03-16,63
Shop_A,Sugar,2025-03-17,55
Shop_A,Sugar,2025-03-18,62
Shop_A,Sugar,2025-03-19,59
Shop_A,Sugar,2025-03-20,58
Shop_A,Sugar,2025-03-21,61
Shop_A,Sugar,2025-03-22,57
Shop_A,Sugar,2025-03-23,58
Shop_A,Sugar,2025-03-24,61
Shop_A,Sugar,2025-03-25,67
Shop_A,Sugar,2025-03-26,58
Shop_A,Sugar,2025-03-27,54
Shop_A,Sugar,2025-03-28,46
Shop_A,Sugar,2025-03-29,66
Shop_A,Sugar,2025-03-30,55
Shop_A,Sugar,2025-03-31,59
Shop_A,Sugar,2025-04-01,66
Shop_A,Sugar,2025-04-02,58
Shop_A,Sugar,2025-04-03,56
Shop_A,Sugar,2025-04-04,64
Shop_A,Sugar,2025-04-05,59
Shop_A,Sugar,2025-04-06,59
Shop_A,Sugar,2025-04-07,49
Shop_A,Sugar,2025-04-08,63
Shop_A,Sugar,2025-04-09,58
Shop_A,Sugar,2025-04-10,50
Shop_A,Sugar,2025-04-11,59
Shop_A,Sugar,2025-04-12,46
Shop_A,Sugar,2025-04-13,68
Shop_A,Sugar,2025-04-14,51
Shop_A,Sugar,2025-04-15,65
Shop_A,Sugar,2025-04-16,52
Shop_A,Sugar,2025-04-17,59
Shop_A,Sugar,2025-04-18,52
Shop_A,Sugar,2025-04-19,61
Shop_A,Sugar,2025-04-20,55
Shop_A,Sugar,2025-04-21,59
Shop_A,Sugar,2025-04-22,57
Shop_A,Sugar,2025-04-23,50
Shop_A,Sugar,2025-04-24,59
Shop_A,Sugar,2025-04-25,54
Shop_A,Sugar,2025-04-26,62
Shop_A,Sugar,2025-04-27,55
Shop_A,Sugar,2025-04-28,56
Shop_A,Sugar,2025-04-29,65
Shop_A,Sugar,2025-04-30,68
Shop_A,Sugar,2025-05-01,50
Shop_A,Sugar,2025-05-02,45
Shop_A,Sugar,2025-05-03,45
Shop_A,Sugar,2025-05-04,42
Shop_A,Sugar,2025-05-05,43
Shop_A,Sugar,2025-05-06,45
Shop_A,Sugar,2025-05-07,56
Shop_A,Sugar,2025-05-08,46
Shop_A,Sugar,2025-05-09,40
Shop_A,Sugar,2025-05-10,47
Shop_A,Sugar,2025-05-11,47
Shop_A,Sugar,2025-05-12,47
Shop_A,Sugar,2025-05-13,50
Shop_A,Sugar,2025-05-14,47
Shop_A,Sugar,2025-05-15,50
Shop_A,Sugar,2025-05-16,43
Shop_A,Sugar,2025-05-17,55
Shop_A,Sugar,2025-05-18,48
Shop_A,Sugar,2025-05-19,49
Shop_A,Sugar,2025-05-20,43
Shop_A,Sugar,2025-05-21,49
Shop_A,Sugar,2025-05-22,50
Shop_A,Sugar,2025-05-23,41
Shop_A,Sugar,2025-05-24,38
Shop_A,Sugar,2025-05-25,48
Shop_A,Sugar,2025-05-26,44
Shop_A,Sugar,2025-05-27,48
Shop_A,Sugar,2025-05-28,40
Shop_A,Sugar,2025-05-29,39
Shop_A,Sugar,2025-05-30,48
Shop_A,Sugar,2025-05-31,45
Shop_A,Sugar,2025-06-01,36
Shop_A,Sugar,2025-06-02,53
Shop_A,Sugar,2025-06-03,40
Shop_A,Sugar,2025-06-04,59
Shop_A,Sugar,2025-06-05,43
Shop_A,Sugar,2025-06-06,49
Shop_A,Sugar,2025-06-07,55
Shop_A,Sugar,2025-06-08,54
Shop_A,Sugar,2025-06-09,56
Shop_A,Sugar,2025-06-10,39
Shop_A,Sugar,2025-06-11,41
Shop_A,Sugar,2025-06-12,48
Shop_A,Sugar,2025-06-13,51
Shop_A,Sugar,2025-06-14,46
Shop_A,Sugar,2025-06-15,38
Shop_A,Sugar,2025-06-16,49
Shop_A,Sugar,2025-06-17,46
Shop_A,Sugar,2025-06-18,45
Shop_A,Sugar,2025-06-19,35
Shop_A,Sugar,2025-06-20,50
Shop_A,Sugar,2025-06-21,47
Shop_A,Sugar,2025-06-22,55
Shop_A,Sugar,2025-06-23,46
Shop_A,Sugar,2025-06-24,49
Shop_A,Sugar,2025-06-25,51
Shop_A,Sugar,2025-06-26,38
Shop_A,Sugar,2025-06-27,60
Shop_A,Sugar,2025-06-28,44
Shop_A,Sugar,2025-06-29,49
Shop_A,Sugar,2025-06-30,50
Shop_A,Soap,2025-01-01,26
Shop_A,Soap,2025-01-02,32
Shop_A,Soap,2025-01-03,26
Shop_A,Soap,2025-01-04,34
Shop_A,Soap,2025-01-05,22
Shop_A,Soap,2025-01-06,30
Shop_A,Soap,2025-01-07,24
Shop_A,Soap,2025-01-08,27
Shop_A,Soap,2025-01-09,31
Shop_A,Soap,2025-01-10,26
Shop_A,Soap,2025-01-11,29
Shop_A,Soap,2025-01-12,36
Shop_A,Soap,2025-01-13,28
Shop_A,Soap,2025-01-14,35
Shop_A,Soap,2025-01-15,25
Shop_A,Soap,2025-01-16,33
Shop_A,Soap,2025-01-17,38
Shop_A,Soap,2025-01-18,18
Shop_A,Soap,2025-01-19,27
Shop_A,Soap,2025-01-20,33
Shop_A,Soap,2025-01-21,29
Shop_A,Soap,2025-01-22,32
Shop_A,Soap,2025-01-23,27
Shop_A,Soap,2025-01-24,31
Shop_A,Soap,2025-01-25,30
Shop_A,Soap,2025-01-26,36
Shop_A,Soap,2025-01-27,32
Shop_A,Soap,2025-01-28,32
Shop_A,Soap,2025-01-29,28
Shop_A,Soap,2025-01-30,28
Shop_A,Soap,2025-01-31,28
Shop_A,Soap,2025-02-01,32
Shop_A,Soap,2025-02-02,28
Shop_A,Soap,2025-02-03,32
Shop_A,Soap,2025-02-04,41
Shop_A,Soap,2025-02-05,35
Shop_A,Soap,2025-02-06,29
Shop_A,Soap,2025-02-07,37
Shop_A,Soap,2025-02-08,28
Shop_A,Soap,2025-02-09,20
Shop_A,Soap,2025-02-10,25
Shop_A,Soap,2025-02-11,21
Shop_A,Soap,2025-02-12,29
Shop_A,Soap,2025-02-13,31
Shop_A,Soap,2025-02-14,39
Shop_A,Soap,2025-02-15,32
Shop_A,Soap,2025-02-16,29
Shop_A,Soap,2025-02-17,35
Shop_A,Soap,2025-02-18,19
Shop_A,Soap,2025-02-19,32
Shop_A,Soap,2025-02-20,34
Shop_A,Soap,2025-02-21,23
Shop_A,Soap,2025-02-22,36
Shop_A,Soap,2025-02-23,32
Shop_A,Soap,2025-02-24,28
Shop_A,Soap,2025-02-25,34
Shop_A,Soap,2025-02-26,42
Shop_A,Soap,2025-02-27,31
Shop_A,Soap,2025-02-28,32
Shop_A,Soap,2025-03-01,38
Shop_A,Soap,2025-03-02,36
Shop_A,Soap,2025-03-03,45
Shop_A,Soap,2025-03-04,36
Shop_A,Soap,2025-03-05,41
Shop_A,Soap,2025-03-06,38
Shop_A,Soap,2025-03-07,43
Shop_A,Soap,2025-03-08,42
Shop_A,Soap,2025-03-09,46
Shop_A,Soap,2025-03-10,38
Shop_A,Soap,2025-03-11,39
Shop_A,Soap,2025-03-12,36
Shop_A,Soap,2025-03-13,38
Shop_A,Soap,2025-03-14,42
Shop_A,Soap,2025-03-15,44
Shop_A,Soap,2025-03-16,36
Shop_A,Soap,2025-03-17,45
Shop_A,Soap,2025-03-18,47
Shop_A,Soap,2025-03-19,43
Shop_A,Soap,2025-03-20,50
Shop_A,Soap,2025-03-21,37
Shop_A,Soap,2025-03-22,34
Shop_A,Soap,2025-03-23,32
Shop_A,Soap,2025-03-24,48
Shop_A,Soap,2025-03-25,44
Shop_A,Soap,2025-03-26,40
Shop_A,Soap,2025-03-27,42
Shop_A,Soap,2025-03-28,35
Shop_A,Soap,2025-03-29,53
Shop_A,Soap,2025-03-30,41
Shop_A,Soap,2025-03-31,41
Shop_A,Soap,2025-04-01,44
Shop_A,Soap,2025-04-02,43
Shop_A,Soap,2025-04-03,42
Shop_A,Soap,2025-04-04,37
Shop_A,Soap,2025-04-05,43
Shop_A,Soap,2025-04-06,50
Shop_A,Soap,2025-04-07,47
Shop_A,Soap,2025-04-08,48
Shop_A,Soap,2025-04-09,38
Shop_A,Soap,2025-04-10,36
Shop_A,Soap,2025-04-11,40
Shop_A,Soap,2025-04-12,41
Shop_A,Soap,2025-04-13,46
Shop_A,Soap,2025-04-14,32
Shop_A,Soap,2025-04-15,48
Shop_A,Soap,2025-04-16,40
Shop_A,Soap,2025-04-17,38
Shop_A,Soap,2025-04-18,35
Shop_A,Soap,2025-04-19,32
Shop_A,Soap,2025-04-20,45
Shop_A,Soap,2025-04-21,41
Shop_A,Soap,2025-04-22,34
Shop_A,Soap,2025-04-23,34
Shop_A,Soap,2025-04-24,39
Shop_A,Soap,2025-04-25,49
Shop_A,Soap,2025-04-26,39
Shop_A,Soap,2025-04-27,33
Shop_A,Soap,2025-04-28,39
Shop_A,Soap,2025-04-29,39
Shop_A,Soap,2025-04-30,27
Shop_A,Soap,2025-05-01,30
Shop_A,Soap,2025-05-02,29
Shop_A,Soap,2025-05-03,34
Shop_A,Soap,2025-05-04,40
Shop_A,Soap,2025-05-05,36
Shop_A,Soap,2025-05-06,29
Shop_A,Soap,2025-05-07,25
Shop_A,Soap,2025-05-08,43
Shop_A,Soap,2025-05-09,31
Shop_A,Soap,2025-05-10,31
Shop_A,Soap,2025-05-11,30
Shop_A,Soap,2025-05-12,31
Shop_A,Soap,2025-05-13,30
Shop_A,Soap,2025-05-14,28
Shop_A,Soap,2025-05-15,28
Shop_A,Soap,2025-05-16,30
Shop_A,Soap,2025-05-17,28
Shop_A,Soap,2025-05-18,27
Shop_A,Soap,2025-05-19,31
Shop_A,Soap,2025-05-20,29
Shop_A,Soap,2025-05-21,38
Shop_A,Soap,2025-05-22,17
Shop_A,Soap,2025-05-23,36
Shop_A,Soap,2025-05-24,37
Shop_A,Soap,2025-05-25,20
Shop_A,Soap,2025-05-26,29
Shop_A,Soap,2025-05-27,29
Shop_A,Soap,2025-05-28,23
Shop_A,Soap,2025-05-29,27
Shop_A,Soap,2025-05-30,25
Shop_A,Soap,2025-05-31,39
Shop_A,Soap,2025-06-01,35
Shop_A,Soap,2025-06-02,37
Shop_A,Soap,2025-06-03,34
Shop_A,Soap,2025-06-04,25
Shop_A,Soap,2025-06-05,28
Shop_A,Soap,2025-06-06,33
Shop_A,Soap,2025-06-07,24
Shop_A,Soap,2025-06-08,34
Shop_A,Soap,2025-06-09,29
Shop_A,Soap,2025-06-10,29
Shop_A,Soap,2025-06-11,34
Shop_A,Soap,2025-06-12,33
Shop_A,Soap,2025-06-13,29
Shop_A,Soap,2025-06-14,36
Shop_A,Soap,2025-06-15,25
Shop_A,Soap,2025-06-16,34
Shop_A,Soap,2025-06-17,33
Shop_A,Soap,2025-06-18,29
Shop_A,Soap,2025-06-19,32
Shop_A,Soap,2025-06-20,24
Shop_A,Soap,2025-06-21,35
Shop_A,Soap,2025-06-22,30
Shop_A,Soap,2025-06-23,28
Shop_A,Soap,2025-06-24,36
Shop_A,Soap,2025-06-25,27
Shop_A,Soap,2025-06-26,23
Shop_A,Soap,2025-06-27,23
Shop_A,Soap,2025-06-28,34
Shop_A,Soap,2025-06-29,24
Shop_A,Soap,2025-06-30,39
Shop_A,Milk,2025-01-01,53
Shop_A,Milk,2025-01-02,47
Shop_A,Milk,2025-01-03,47
Shop_A,Milk,2025-01-04,50
Shop_A,Milk,2025-01-05,50
Shop_A,Milk,2025-01-06,49
Shop_A,Milk,2025-01-07,42
Shop_A,Milk,2025-01-08,48
Shop_A,Milk,2025-01-09,60
Shop_A,Milk,2025-01-10,35
Shop_A,Milk,2025-01-11,53
Shop_A,Milk,2025-01-12,54
Shop_A,Milk,2025-01-13,42
Shop_A,Milk,2025-01-14,46
Shop_A,Milk,2025-01-15,43
Shop_A,Milk,2025-01-16,58
Shop_A,Milk,2025-01-17,54
Shop_A,Milk,2025-01-18,54
Shop_A,Milk,2025-01-19,49
Shop_A,Milk,2025-01-20,55
Shop_A,Milk,2025-01-21,48
Shop_A,Milk,2025-01-22,55
Shop_A,Milk,2025-01-23,48
Shop_A,Milk,2025-01-24,45
Shop_A,Milk,2025-01-25,58
Shop_A,Milk,2025-01-26,48
Shop_A,Milk,2025-01-27,44
Shop_A,Milk,2025-01-28,44
Shop_A,Milk,2025-01-29,44
Shop_A,Milk,2025-01-30,53
Shop_A,Milk,2025-01-31,48
Shop_A,Milk,2025-02-01,60
Shop_A,Milk,2025-02-02,54
Shop_A,Milk,2025-02-03,50
Shop_A,Milk,2025-02-04,56
Shop_A,Milk,2025-02-05,46
Shop_A,Milk,2025-02-06,39
Shop_A,Milk,2025-02-07,44
Shop_A,Milk,2025-02-08,49
Shop_A,Milk,2025-02-09,47
Shop_A,Milk,2025-02-10,53
Shop_A,Milk,2025-02-11,48
Shop_A,Milk,2025-02-12,52
Shop_A,Milk,2025-02-13,56
Shop_A,Milk,2025-02-14,48
Shop_A,Milk,2025-02-15,51
Shop_A,Milk,2025-02-16,40
Shop_A,Milk,2025-02-17,48
Shop_A,Milk,2025-02-18,42
Shop_A,Milk,2025-02-19,49
Shop_A,Milk,2025-02-20,50
Shop_A,Milk,2025-02-21,50
Shop_A,Milk,2025-02-22,46
Shop_A,Milk,2025-02-23,60
Shop_A,Milk,2025-02-24,42
Shop_A,Milk,2025-02-25,42
Shop_A,Milk,2025-02-26,57
Shop_A,Milk,2025-02-27,45
Shop_A,Milk,2025-02-28,44
Shop_A,Milk,2025-03-01,70
Shop_A,Milk,2025-03-02,63
Shop_A,Milk,2025-03-03,56
Shop_A,Milk,2025-03-04,60
Shop_A,Milk,2025-03-05,68
Shop_A,Milk,2025-03-06,62
Shop_A,Milk,2025-03-07,65
Shop_A,Milk,2025-03-08,63
Shop_A,Milk,2025-03-09,63
Shop_A,Milk,2025-03-10,59
Shop_A,Milk,2025-03-11,59
Shop_A,Milk,2025-03-12,60
Shop_A,Milk,2025-03-13,62
Shop_A,Milk,2025-03-14,57
Shop_A,Milk,2025-03-15,59
Shop_A,Milk,2025-03-16,57
Shop_A,Milk,2025-03-17,59
Shop_A,Milk,2025-03-18,52
Shop_A,Milk,2025-03-19,72
Shop_A,Milk,2025-03-20,55
Shop_A,Milk,2025-03-21,57
Shop_A,Milk,2025-03-22,54
Shop_A,Milk,2025-03-23,62
Shop_A,Milk,2025-03-24,58
Shop_A,Milk,2025-03-25,54
Shop_A,Milk,2025-03-26,62
Shop_A,Milk,2025-03-27,62
Shop_A,Milk,2025-03-28,58
Shop_A,Milk,2025-03-29,55
Shop_A,Milk,2025-03-30,69
Shop_A,Milk,2025-03-31,60
Shop_A,Milk,2025-04-01,52
Shop_A,Milk,2025-04-02,66
Shop_A,Milk,2025-04-03,54
Shop_A,Milk,2025-04-04,72
Shop_A,Milk,2025-04-05,59
Shop_A,Milk,2025-04-06,64
Shop_A,Milk,2025-04-07,48
Shop_A,Milk,2025-04-08,52
Shop_A,Milk,2025-04-09,65
Shop_A,Milk,2025-04-10,60
Shop_A,Milk,2025-04-11,69
Shop_A,Milk,2025-04-12,61
Shop_A,Milk,2025-04-13,59
Shop_A,Milk,2025-04-14,67
Shop_A,Milk,2025-04-15,64
Shop_A,Milk,2025-04-16,58
Shop_A,Milk,2025-04-17,53
Shop_A,Milk,2025-04-18,47
Shop_A,Milk,2025-04-19,56
Shop_A,Milk,2025-04-20,53
Shop_A,Milk,2025-04-21,71
Shop_A,Milk,2025-04-22,55
Shop_A,Milk,2025-04-23,55
Shop_A,Milk,2025-04-24,51
Shop_A,Milk,2025-04-25,57
Shop_A,Milk,2025-04-26,55
Shop_A,Milk,2025-04-27,67
Shop_A,Milk,2025-04-28,59
Shop_A,Milk,2025-04-29,58
Shop_A,Milk,2025-04-30,58
Shop_A,Milk,2025-05-01,52
Shop_A,Milk,2025-05-02,46
Shop_A,Milk,2025-05-03,52
Shop_A,Milk,2025-05-04,57
Shop_A,Milk,2025-05-05,51
Shop_A,Milk,2025-05-06,47
Shop_A,Milk,2025-05-07,44
Shop_A,Milk,2025-05-08,47
Shop_A,Milk,2025-05-09,51
Shop_A,Milk,2025-05-10,41
Shop_A,Milk,2025-05-11,53
Shop_A,Milk,2025-05-12,50
Shop_A,Milk,2025-05-13,48
Shop_A,Milk,2025-05-14,45
Shop_A,Milk,2025-05-15,46
Shop_A,Milk,2025-05-16,51
Shop_A,Milk,2025-05-17,48
Shop_A,Milk,2025-05-18,46
Shop_A,Milk,2025-05-19,51
Shop_A,Milk,2025-05-20,51
Shop_A,Milk,2025-05-21,42
Shop_A,Milk,2025-05-22,51
Shop_A,Milk,2025-05-23,61
Shop_A,Milk,2025-05-24,51
Shop_A,Milk,2025-05-25,40
Shop_A,Milk,2025-05-26,49
Shop_A,Milk,2025-05-27,39
Shop_A,Milk,2025-05-28,64
Shop_A,Milk,2025-05-29,60
Shop_A,Milk,2025-05-30,45
Shop_A,Milk,2025-05-31,37
Shop_A,Milk,2025-06-01,44
Shop_A,Milk,2025-06-02,48
Shop_A,Milk,2025-06-03,40
Shop_A,Milk,2025-06-04,48
Shop_A,Milk,2025-06-05,48
Shop_A,Milk,2025-06-06,49
Shop_A,Milk,2025-06-07,50
Shop_A,Milk,2025-06-08,44
Shop_A,Milk,2025-06-09,44
Shop_A,Milk,2025-06-10,49
Shop_A,Milk,2025-06-11,45
Shop_A,Milk,2025-06-12,53
Shop_A,Milk,2025-06-13,49
Shop_A,Milk,2025-06-14,58
Shop_A,Milk,2025-06-15,53
Shop_A,Milk,2025-06-16,54
Shop_A,Milk,2025-06-17,49
Shop_A,Milk,2025-06-18,49
Shop_A,Milk,2025-06-19,57
Shop_A,Milk,2025-06-20,47
Shop_A,Milk,2025-06-21,51
Shop_A,Milk,2025-06-22,47
Shop_A,Milk,2025-06-23,47
Shop_A,Milk,2025-06-24,43
Shop_A,Milk,2025-06-25,45
Shop_A,Milk,2025-06-26,44
Shop_A,Milk,2025-06-27,51
Shop_A,Milk,2025-06-28,54
Shop_A,Milk,2025-06-29,48
Shop_A,Milk,2025-06-30,50
Shop_B,Rice,2025-01-01,36
Shop_B,Rice,2025-01-02,39
Shop_B,Rice,2025-01-03,39
Shop_B,Rice,2025-01-04,35
Shop_B,Rice,2025-01-05,37
Shop_B,Rice,2025-01-06,41
Shop_B,Rice,2025-01-07,29
Shop_B,Rice,2025-01-08,37
Shop_B,Rice,2025-01-09,37
Shop_B,Rice,2025-01-10,40
Shop_B,Rice,2025-01-11,30
Shop_B,Rice,2025-01-12,44
Shop_B,Rice,2025-01-13,38
Shop_B,Rice,2025-01-14,38
Shop_B,Rice,2025-01-15,34
Shop_B,Rice,2025-01-16,39
Shop_B,Rice,2025-01-17,37
Shop_B,Rice,2025-01-18,43
Shop_B,Rice,2025-01-19,29
Shop_B,Rice,2025-01-20,37
Shop_B,Rice,2025-01-21,39
Shop_B,Rice,2025-01-22,36
Shop_B,Rice,2025-01-23,34
Shop_B,Rice,2025-01-24,35
Shop_B,Rice,2025-01-25,37
Shop_B,Rice,2025-01-26,27
Shop_B,Rice,2025-01-27,41
Shop_B,Rice,2025-01-28,34
Shop_B,Rice,2025-01-29,37
Shop_B,Rice,2025-01-30,38
Shop_B,Rice,2025-01-31,34
Shop_B,Rice,2025-02-01,36
Shop_B,Rice,2025-02-02,26
Shop_B,Rice,2025-02-03,40
Shop_B,Rice,2025-02-04,42
Shop_B,Rice,2025-02-05,28
Shop_B,Rice,2025-02-06,34
Shop_B,Rice,2025-02-07,30
Shop_B,Rice,2025-02-08,36
Shop_B,Rice,2025-02-09,40
Shop_B,Rice,2025-02-10,41
Shop_B,Rice,2025-02-11,42
Shop_B,Rice,2025-02-12,43
Shop_B,Rice,2025-02-13,35
Shop_B,Rice,2025-02-14,31
Shop_B,Rice,2025-02-15,36
Shop_B,Rice,2025-02-16,40
Shop_B,Rice,2025-02-17,30
Shop_B,Rice,2025-02-18,45
Shop_B,Rice,2025-02-19,41
Shop_B,Rice,2025-02-20,35
Shop_B,Rice,2025-02-21,33
Shop_B,Rice,2025-02-22,33
Shop_B,Rice,2025-02-23,37
Shop_B,Rice,2025-02-24,35
Shop_B,Rice,2025-02-25,41
Shop_B,Rice,2025-02-26,35
Shop_B,Rice,2025-02-27,39
Shop_B,Rice,2025-02-28,36
Shop_B,Rice,2025-03-01,48
Shop_B,Rice,2025-03-02,45
Shop_B,Rice,2025-03-03,50
Shop_B,Rice,2025-03-04,50
Shop_B,Rice,2025-03-05,49
Shop_B,Rice,2025-03-06,50
Shop_B,Rice,2025-03-07,42
Shop_B,Rice,2025-03-08,48
Shop_B,Rice,2025-03-09,53
Shop_B,Rice,2025-03-10,49
Shop_B,Rice,2025-03-11,41
Shop_B,Rice,2025-03-12,46
Shop_B,Rice,2025-03-13,48
Shop_B,Rice,2025-03-14,43
Shop_B,Rice,2025-03-15,40
Shop_B,Rice,2025-03-16,45
Shop_B,Rice,2025-03-17,43
Shop_B,Rice,2025-03-18,46
Shop_B,Rice,2025-03-19,39
Shop_B,Rice,2025-03-20,49
Shop_B,Rice,2025-03-21,43
Shop_B,Rice,2025-03-22,51
Shop_B,Rice,2025-03-23,45
Shop_B,Rice,2025-03-24,46
Shop_B,Rice,2025-03-25,46
Shop_B,Rice,2025-03-26,43
Shop_B,Rice,2025-03-27,59
Shop_B,Rice,2025-03-28,44
Shop_B,Rice,2025-03-29,52
Shop_B,Rice,2025-03-30,41
Shop_B,Rice,2025-03-31,48
Shop_B,Rice,2025-04-01,49
Shop_B,Rice,2025-04-02,46
Shop_B,Rice,2025-04-03,44
Shop_B,Rice,2025-04-04,45
Shop_B,Rice,2025-04-05,44
Shop_B,Rice,2025-04-06,59
Shop_B,Rice,2025-04-07,46
Shop_B,Rice,2025-04-08,49
Shop_B,Rice,2025-04-09,55
Shop_B,Rice,2025-04-10,42
Shop_B,Rice,2025-04-11,47
Shop_B,Rice,2025-04-12,45
Shop_B,Rice,2025-04-13,46
Shop_B,Rice,2025-04-14,46
Shop_B,Rice,2025-04-15,43
Shop_B,Rice,2025-04-16,47
Shop_B,Rice,2025-04-17,41
Shop_B,Rice,2025-04-18,51
Shop_B,Rice,2025-04-19,50
Shop_B,Rice,2025-04-20,44
Shop_B,Rice,2025-04-21,44
Shop_B,Rice,2025-04-22,48
Shop_B,Rice,2025-04-23,43
Shop_B,Rice,2025-04-24,56
Shop_B,Rice,2025-04-25,48
Shop_B,Rice,2025-04-26,48
Shop_B,Rice,2025-04-27,50
Shop_B,Rice,2025-04-28,44
Shop_B,Rice,2025-04-29,52
Shop_B,Rice,2025-04-30,47
Shop_B,Rice,2025-05-01,41
Shop_B,Rice,2025-05-02,36
Shop_B,Rice,2025-05-03,43
Shop_B,Rice,2025-05-04,39
Shop_B,Rice,2025-05-05,47
Shop_B,Rice,2025-05-06,35
Shop_B,Rice,2025-05-07,38
Shop_B,Rice,2025-05-08,31
Shop_B,Rice,2025-05-09,34
Shop_B,Rice,2025-05-10,40
Shop_B,Rice,2025-05-11,42
Shop_B,Rice,2025-05-12,51
Shop_B,Rice,2025-05-13,36
Shop_B,Rice,2025-05-14,32
Shop_B,Rice,2025-05-15,40
Shop_B,Rice,2025-05-16,31
Shop_B,Rice,2025-05-17,39
Shop_B,Rice,2025-05-18,34
Shop_B,Rice,2025-05-19,38
Shop_B,Rice,2025-05-20,42
Shop_B,Rice,2025-05-21,36
Shop_B,Rice,2025-05-22,41
Shop_B,Rice,2025-05-23,41
Shop_B,Rice,2025-05-24,27
Shop_B,Rice,2025-05-25,32
Shop_B,Rice,2025-05-26,29
Shop_B,Rice,2025-05-27,47
Shop_B,Rice,2025-05-28,36
Shop_B,Rice,2025-05-29,45
Shop_B,Rice,2025-05-30,28
Shop_B,Rice,2025-05-31,34
Shop_B,Rice,2025-06-01,41
Shop_B,Rice,2025-06-02,37
Shop_B,Rice,2025-06-03,39
Shop_B,Rice,2025-06-04,30
Shop_B,Rice,2025-06-05,43
Shop_B,Rice,2025-06-06,40
Shop_B,Rice,2025-06-07,39
Shop_B,Rice,2025-06-08,33
Shop_B,Rice,2025-06-09,38
Shop_B,Rice,2025-06-10,35
Shop_B,Rice,2025-06-11,28
Shop_B,Rice,2025-06-12,36
Shop_B,Rice,2025-06-13,36
Shop_B,Rice,2025-06-14,42
Shop_B,Rice,2025-06-15,25
Shop_B,Rice,2025-06-16,38
Shop_B,Rice,2025-06-17,31
Shop_B,Rice,2025-06-18,38
Shop_B,Rice,2025-06-19,38
Shop_B,Rice,2025-06-20,36
Shop_B,Rice,2025-06-21,41
Shop_B,Rice,2025-06-22,30
Shop_B,Rice,2025-06-23,42
Shop_B,Rice,2025-06-24,33
Shop_B,Rice,2025-06-25,29
Shop_B,Rice,2025-06-26,35
Shop_B,Rice,2025-06-27,26
Shop_B,Rice,2025-06-28,38
Shop_B,Rice,2025-06-29,35
Shop_B,Rice,2025-06-30,43
Shop_B,Oil,2025-01-01,41
Shop_B,Oil,2025-01-02,39
Shop_B,Oil,2025-01-03,35
Shop_B,Oil,2025-01-04,32
Shop_B,Oil,2025-01-05,46
Shop_B,Oil,2025-01-06,30
Shop_B,Oil,2025-01-07,41
Shop_B,Oil,2025-01-08,28
Shop_B,Oil,2025-01-09,42
Shop_B,Oil,2025-01-10,43
Shop_B,Oil,2025-01-11,44
Shop_B,Oil,2025-01-12,38
Shop_B,Oil,2025-01-13,46
Shop_B,Oil,2025-01-14,50
Shop_B,Oil,2025-01-15,37
Shop_B,Oil,2025-01-16,36
Shop_B,Oil,2025-01-17,39
Shop_B,Oil,2025-01-18,36
Shop_B,Oil,2025-01-19,35
Shop_B,Oil,2025-01-20,36
Shop_B,Oil,2025-01-21,47
Shop_B,Oil,2025-01-22,42
Shop_B,Oil,2025-01-23,36
Shop_B,Oil,2025-01-24,26
Shop_B,Oil,2025-01-25,31
Shop_B,Oil,2025-01-26,41
Shop_B,Oil,2025-01-27,28
Shop_B,Oil,2025-01-28,40
Shop_B,Oil,2025-01-29,33
Shop_B,Oil,2025-01-30,39
Shop_B,Oil,2025-01-31,39
Shop_B,Oil,2025-02-01,39
Shop_B,Oil,2025-02-02,37
Shop_B,Oil,2025-02-03,36
Shop_B,Oil,2025-02-04,35
Shop_B,Oil,2025-02-05,41
Shop_B,Oil,2025-02-06,43
Shop_B,Oil,2025-02-07,32
Shop_B,Oil,2025-02-08,38
Shop_B,Oil,2025-02-09,39
Shop_B,Oil,2025-02-10,39
Shop_B,Oil,2025-02-11,39
Shop_B,Oil,2025-02-12,36
Shop_B,Oil,2025-02-13,40
Shop_B,Oil,2025-02-14,42
Shop_B,Oil,2025-02-15,39
Shop_B,Oil,2025-02-16,41
Shop_B,Oil,2025-02-17,43
Shop_B,Oil,2025-02-18,29
Shop_B,Oil,2025-02-19,43
Shop_B,Oil,2025-02-20,40
Shop_B,Oil,2025-02-21,33
Shop_B,Oil,2025-02-22,43
Shop_B,Oil,2025-02-23,37
Shop_B,Oil,2025-02-24,37
Shop_B,Oil,2025-02-25,36
Shop_B,Oil,2025-02-26,40
Shop_B,Oil,2025-02-27,35
Shop_B,Oil,2025-02-28,43
Shop_B,Oil,2025-03-01,48
Shop_B,Oil,2025-03-02,47
Shop_B,Oil,2025-03-03,52
Shop_B,Oil,2025-03-04,47
Shop_B,Oil,2025-03-05,53
Shop_B,Oil,2025-03-06,53
Shop_B,Oil,2025-03-07,42
Shop_B,Oil,2025-03-08,54
Shop_B,Oil,2025-03-09,41
Shop_B,Oil,2025-03-10,54
Shop_B,Oil,2025-03-11,59
Shop_B,Oil,2025-03-12,53
Shop_B,Oil,2025-03-13,38
Shop_B,Oil,2025-03-14,54
Shop_B,Oil,2025-03-15,60
Shop_B,Oil,2025-03-16,47
Shop_B,Oil,2025-03-17,48
Shop_B,Oil,2025-03-18,43
Shop_B,Oil,2025-03-19,50
Shop_B,Oil,2025-03-20,55
Shop_B,Oil,2025-03-21,52
Shop_B,Oil,2025-03-22,64
Shop_B,Oil,2025-03-23,49
Shop_B,Oil,2025-03-24,40
Shop_B,Oil,2025-03-25,49
Shop_B,Oil,2025-03-26,36
Shop_B,Oil,2025-03-27,46
Shop_B,Oil,2025-03-28,57
Shop_B,Oil,2025-03-29,50
Shop_B,Oil,2025-03-30,49
Shop_B,Oil,2025-03-31,58
Shop_B,Oil,2025-04-01,47
Shop_B,Oil,2025-04-02,55
Shop_B,Oil,2025-04-03,49
Shop_B,Oil,2025-04-04,50
Shop_B,Oil,2025-04-05,42
Shop_B,Oil,2025-04-06,46
Shop_B,Oil,2025-04-07,42
Shop_B,Oil,2025-04-08,48
Shop_B,Oil,2025-04-09,50
Shop_B,Oil,2025-04-10,43
Shop_B,Oil,2025-04-11,59
Shop_B,Oil,2025-04-12,50
Shop_B,Oil,2025-04-13,49
Shop_B,Oil,2025-04-14,52
Shop_B,Oil,2025-04-15,44
Shop_B,Oil,2025-04-16,49
Shop_B,Oil,2025-04-17,45
Shop_B,Oil,2025-04-18,56
Shop_B,Oil,2025-04-19,43
Shop_B,Oil,2025-04-20,49
Shop_B,Oil,2025-04-21,50
Shop_B,Oil,2025-04-22,50
Shop_B,Oil,2025-04-23,46
Shop_B,Oil,2025-04-24,44
Shop_B,Oil,2025-04-25,46
Shop_B,Oil,2025-04-26,51
Shop_B,Oil,2025-04-27,48
Shop_B,Oil,2025-04-28,52
Shop_B,Oil,2025-04-29,51
Shop_B,Oil,2025-04-30,37
Shop_B,Oil,2025-05-01,40
Shop_B,Oil,2025-05-02,50
Shop_B,Oil,2025-05-03,45
Shop_B,Oil,2025-05-04,41
Shop_B,Oil,2025-05-05,33
Shop_B,Oil,2025-05-06,41
Shop_B,Oil,2025-05-07,42
Shop_B,Oil,2025-05-08,37
Shop_B,Oil,2025-05-09,40
Shop_B,Oil,2025-05-10,46
Shop_B,Oil,2025-05-11,34
Shop_B,Oil,2025-05-12,33
Shop_B,Oil,2025-05-13,42
Shop_B,Oil,2025-05-14,41
Shop_B,Oil,2025-05-15,44
Shop_B,Oil,2025-05-16,41
Shop_B,Oil,2025-05-17,36
Shop_B,Oil,2025-05-18,41
Shop_B,Oil,2025-05-19,33
Shop_B,Oil,2025-05-20,37
Shop_B,Oil,2025-05-21,41
Shop_B,Oil,2025-05-22,37
Shop_B,Oil,2025-05-23,51
Shop_B,Oil,2025-05-24,29
Shop_B,Oil,2025-05-25,36
Shop_B,Oil,2025-05-26,34
Shop_B,Oil,2025-05-27,35
Shop_B,Oil,2025-05-28,35
Shop_B,Oil,2025-05-29,32
Shop_B,Oil,2025-05-30,42
Shop_B,Oil,2025-05-31,36
Shop_B,Oil,2025-06-01,39
Shop_B,Oil,2025-06-02,36
Shop_B,Oil,2025-06-03,35
Shop_B,Oil,2025-06-04,47
Shop_B,Oil,2025-06-05,43
Shop_B,Oil,2025-06-06,29
Shop_B,Oil,2025-06-07,29
Shop_B,Oil,2025-06-08,44
Shop_B,Oil,2025-06-09,36
Shop_B,Oil,2025-06-10,30
Shop_B,Oil,2025-06-11,44
Shop_B,Oil,2025-06-12,39
Shop_B,Oil,2025-06-13,40
Shop_B,Oil,2025-06-14,43
Shop_B,Oil,2025-06-15,32
Shop_B,Oil,2025-06-16,30
Shop_B,Oil,2025-06-17,46
Shop_B,Oil,2025-06-18,31
Shop_B,Oil,2025-06-19,32
Shop_B,Oil,2025-06-20,33
Shop_B,Oil,2025-06-21,49
Shop_B,Oil,2025-06-22,41
Shop_B,Oil,2025-06-23,43
Shop_B,Oil,2025-06-24,39
Shop_B,Oil,2025-06-25,35
Shop_B,Oil,2025-06-26,42
Shop_B,Oil,2025-06-27,31
Shop_B,Oil,2025-06-28,33
Shop_B,Oil,2025-06-29,42
Shop_B,Oil,2025-06-30,32
Shop_B,Sugar,2025-01-01,20
Shop_B,Sugar,2025-01-02,29
Shop_B,Sugar,2025-01-03,23
Shop_B,Sugar,2025-01-04,17
Shop_B,Sugar,2025-01-05,20
Shop_B,Sugar,2025-01-06,23
Shop_B,Sugar,2025-01-07,21
Shop_B,Sugar,2025-01-08,23
Shop_B,Sugar,2025-01-09,16
Shop_B,Sugar,2025-01-10,21
Shop_B,Sugar,2025-01-11,13
Shop_B,Sugar,2025-01-12,20
Shop_B,Sugar,2025-01-13,16
Shop_B,Sugar,2025-01-14,17
Shop_B,Sugar,2025-01-15,27
Shop_B,Sugar,2025-01-16,26
Shop_B,Sugar,2025-01-17,24
Shop_B,Sugar,2025-01-18,15
Shop_B,Sugar,2025-01-19,19
Shop_B,Sugar,2025-01-20,27
Shop_B,Sugar,2025-01-21,21
Shop_B,Sugar,2025-01-22,32
Shop_B,Sugar,2025-01-23,22
Shop_B,Sugar,2025-01-24,21
Shop_B,Sugar,2025-01-25,19
Shop_B,Sugar,2025-01-26,21
Shop_B,Sugar,2025-01-27,20
Shop_B,Sugar,2025-01-28,24
Shop_B,Sugar,2025-01-29,25
Shop_B,Sugar,2025-01-30,17
Shop_B,Sugar,2025-01-31,14
Shop_B,Sugar,2025-02-01,11
Shop_B,Sugar,2025-02-02,23
Shop_B,Sugar,2025-02-03,15
Shop_B,Sugar,2025-02-04,10
Shop_B,Sugar,2025-02-05,22
Shop_B,Sugar,2025-02-06,33
Shop_B,Sugar,2025-02-07,20
Shop_B,Sugar,2025-02-08,25
Shop_B,Sugar,2025-02-09,21
Shop_B,Sugar,2025-02-10,20
Shop_B,Sugar,2025-02-11,25
Shop_B,Sugar,2025-02-12,19
Shop_B,Sugar,2025-02-13,22
Shop_B,Sugar,2025-02-14,22
Shop_B,Sugar,2025-02-15,17
Shop_B,Sugar,2025-02-16,25
Shop_B,Sugar,2025-02-17,20
Shop_B,Sugar,2025-02-18,17
Shop_B,Sugar,2025-02-19,23
Shop_B,Sugar,2025-02-20,16
Shop_B,Sugar,2025-02-21,21
Shop_B,Sugar,2025-02-22,20
Shop_B,Sugar,2025-02-23,26
Shop_B,Sugar,2025-02-24,23
Shop_B,Sugar,2025-02-25,20
Shop_B,Sugar,2025-02-26,25
Shop_B,Sugar,2025-02-27,27
Shop_B,Sugar,2025-02-28,23
Shop_B,Sugar,2025-03-01,31
Shop_B,Sugar,2025-03-02,24
Shop_B,Sugar,2025-03-03,25
Shop_B,Sugar,2025-03-04,29
Shop_B,Sugar,2025-03-05,27
Shop_B,Sugar,2025-03-06,30
Shop_B,Sugar,2025-03-07,31
Shop_B,Sugar,2025-03-08,33
Shop_B,Sugar,2025-03-09,30
Shop_B,Sugar,2025-03-10,33
Shop_B,Sugar,2025-03-11,31
Shop_B,Sugar,2025-03-12,21
Shop_B,Sugar,2025-03-13,26
Shop_B,Sugar,2025-03-14,30
Shop_B,Sugar,2025-03-15,24
Shop_B,Sugar,2025-03-16,33
Shop_B,Sugar,2025-03-17,38
Shop_B,Sugar,2025-03-18,37
Shop_B,Sugar,2025-03-19,29
Shop_B,Sugar,2025-03-20,38
Shop_B,Sugar,2025-03-21,31
Shop_B,Sugar,2025-03-22,29
Shop_B,Sugar,2025-03-23,27
Shop_B,Sugar,2025-03-24,29
Shop_B,Sugar,2025-03-25,29
Shop_B,Sugar,2025-03-26,31
Shop_B,Sugar,2025-03-27,31
Shop_B,Sugar,2025-03-28,31
Shop_B,Sugar,2025-03-29,33
Shop_B,Sugar,2025-03-30,36
Shop_B,Sugar,2025-03-31,35
Shop_B,Sugar,2025-04-01,23
Shop_B,Sugar,2025-04-02,18
Shop_B,Sugar,2025-04-03,35
Shop_B,Sugar,2025-04-04,24
Shop_B,Sugar,2025-04-05,29
Shop_B,Sugar,2025-04-06,25
Shop_B,Sugar,2025-04-07,21
Shop_B,Sugar,2025-04-08,33
Shop_B,Sugar,2025-04-09,34
Shop_B,Sugar,2025-04-10,28
Shop_B,Sugar,2025-04-11,18
Shop_B,Sugar,2025-04-12,28
Shop_B,Sugar,2025-04-13,32
Shop_B,Sugar,2025-04-14,23
Shop_B,Sugar,2025-04-15,31
Shop_B,Sugar,2025-04-16,30
Shop_B,Sugar,2025-04-17,33
Shop_B,Sugar,2025-04-18,31
Shop_B,Sugar,2025-04-19,26
Shop_B,Sugar,2025-04-20,36
Shop_B,Sugar,2025-04-21,30
Shop_B,Sugar,2025-04-22,30
Shop_B,Sugar,2025-04-23,26
Shop_B,Sugar,2025-04-24,28
Shop_B,Sugar,2025-04-25,26
Shop_B,Sugar,2025-04-26,30
Shop_B,Sugar,2025-04-27,39
Shop_B,Sugar,2025-04-28,24
Shop_B,Sugar,2025-04-29,22
Shop_B,Sugar,2025-04-30,38
Shop_B,Sugar,2025-05-01,19
Shop_B,Sugar,2025-05-02,17
Shop_B,Sugar,2025-05-03,26
Shop_B,Sugar,2025-05-04,17
Shop_B,Sugar,2025-05-05,30
Shop_B,Sugar,2025-05-06,24
Shop_B,Sugar,2025-05-07,18
Shop_B,Sugar,2025-05-08,31
Shop_B,Sugar,2025-05-09,17
Shop_B,Sugar,2025-05-10,24
Shop_B,Sugar,2025-05-11,22
Shop_B,Sugar,2025-05-12,27
Shop_B,Sugar,2025-05-13,28
Shop_B,Sugar,2025-05-14,21
Shop_B,Sugar,2025-05-15,17
Shop_B,Sugar,2025-05-16,23
Shop_B,Sugar,2025-05-17,17
Shop_B,Sugar,2025-05-18,31
Shop_B,Sugar,2025-05-19,21
Shop_B,Sugar,2025-05-20,19
Shop_B,Sugar,2025-05-21,21
Shop_B,Sugar,2025-05-22,14
Shop_B,Sugar,2025-05-23,16
Shop_B,Sugar,2025-05-24,27
Shop_B,Sugar,2025-05-25,17
Shop_B,Sugar,2025-05-26,15
Shop_B,Sugar,2025-05-27,23
Shop_B,Sugar,2025-05-28,26
Shop_B,Sugar,2025-05-29,24
Shop_B,Sugar,2025-05-30,25
Shop_B,Sugar,2025-05-31,17
Shop_B,Sugar,2025-06-01,13
Shop_B,Sugar,2025-06-02,28
Shop_B,Sugar,2025-06-03,19
Shop_B,Sugar,2025-06-04,19
Shop_B,Sugar,2025-06-05,27
Shop_B,Sugar,2025-06-06,23
Shop_B,Sugar,2025-06-07,23
Shop_B,Sugar,2025-06-08,31
Shop_B,Sugar,2025-06-09,17
Shop_B,Sugar,2025-06-10,25
Shop_B,Sugar,2025-06-11,21
Shop_B,Sugar,2025-06-12,22
Shop_B,Sugar,2025-06-13,28
Shop_B,Sugar,2025-06-14,23
Shop_B,Sugar,2025-06-15,23
Shop_B,Sugar,2025-06-16,26
Shop_B,Sugar,2025-06-17,19
Shop_B,Sugar,2025-06-18,16
Shop_B,Sugar,2025-06-19,15
Shop_B,Sugar,2025-06-20,11
Shop_B,Sugar,2025-06-21,31
Shop_B,Sugar,2025-06-22,15
Shop_B,Sugar,2025-06-23,19
Shop_B,Sugar,2025-06-24,19
Shop_B,Sugar,2025-06-25,22
Shop_B,Sugar,2025-06-26,25
Shop_B,Sugar,2025-06-27,25
Shop_B,Sugar,2025-06-28,18
Shop_B,Sugar,2025-06-29,20
Shop_B,Sugar,2025-06-30,22
Shop_B,Soap,2025-01-01,33
Shop_B,Soap,2025-01-02,39
Shop_B,Soap,2025-01-03,37
Shop_B,Soap,2025-01-04,28
Shop_B,Soap,2025-01-05,33
Shop_B,Soap,2025-01-06,23
Shop_B,Soap,2025-01-07,29
Shop_B,Soap,2025-01-08,33
Shop_B,Soap,2025-01-09,28
Shop_B,Soap,2025-01-10,33
Shop_B,Soap,2025-01-11,31
Shop_B,Soap,2025-01-12,34
Shop_B,Soap,2025-01-13,29
Shop_B,Soap,2025-01-14,27
Shop_B,Soap,2025-01-15,39
Shop_B,Soap,2025-01-16,29
Shop_B,Soap,2025-01-17,35
Shop_B,Soap,2025-01-18,39
Shop_B,Soap,2025-01-19,32
Shop_B,Soap,2025-01-20,27
Shop_B,Soap,2025-01-21,31
Shop_B,Soap,2025-01-22,37
Shop_B,Soap,2025-01-23,33
Shop_B,Soap,2025-01-24,25
Shop_B,Soap,2025-01-25,34
Shop_B,Soap,2025-01-26,35
Shop_B,Soap,2025-01-27,30
Shop_B,Soap,2025-01-28,35
Shop_B,Soap,2025-01-29,33
Shop_B,Soap,2025-01-30,31
Shop_B,Soap,2025-01-31,25
Shop_B,Soap,2025-02-01,37
Shop_B,Soap,2025-02-02,35
Shop_B,Soap,2025-02-03,34
Shop_B,Soap,2025-02-04,39
Shop_B,Soap,2025-02-05,36
Shop_B,Soap,2025-02-06,35
Shop_B,Soap,2025-02-07,20
Shop_B,Soap,2025-02-08,37
Shop_B,Soap,2025-02-09,32
Shop_B,Soap,2025-02-10,33
Shop_B,Soap,2025-02-11,33
Shop_B,Soap,2025-02-12,35
Shop_B,Soap,2025-02-13,37
Shop_B,Soap,2025-02-14,35
Shop_B,Soap,2025-02-15,34
Shop_B,Soap,2025-02-16,33
Shop_B,Soap,2025-02-17,15
Shop_B,Soap,2025-02-18,30
Shop_B,Soap,2025-02-19,27
Shop_B,Soap,2025-02-20,38
Shop_B,Soap,2025-02-21,35
Shop_B,Soap,2025-02-22,29
Shop_B,Soap,2025-02-23,30
Shop_B,Soap,2025-02-24,30
Shop_B,Soap,2025-02-25,29
Shop_B,Soap,2025-02-26,24
Shop_B,Soap,2025-02-27,23
Shop_B,Soap,2025-02-28,32
Shop_B,Soap,2025-03-01,47
Shop_B,Soap,2025-03-02,39
Shop_B,Soap,2025-03-03,43
Shop_B,Soap,2025-03-04,45
Shop_B,Soap,2025-03-05,37
Shop_B,Soap,2025-03-06,41
Shop_B,Soap,2025-03-07,38
Shop_B,Soap,2025-03-08,50
Shop_B,Soap,2025-03-09,49
Shop_B,Soap,2025-03-10,37
Shop_B,Soap,2025-03-11,43
Shop_B,Soap,2025-03-12,47
Shop_B,Soap,2025-03-13,46
Shop_B,Soap,2025-03-14,42
Shop_B,Soap,2025-03-15,48
Shop_B,Soap,2025-03-16,37
Shop_B,Soap,2025-03-17,40
Shop_B,Soap,2025-03-18,37
Shop_B,Soap,2025-03-19,45
Shop_B,Soap,2025-03-20,39
Shop_B,Soap,2025-03-21,41
Shop_B,Soap,2025-03-22,45
Shop_B,Soap,2025-03-23,45
Shop_B,Soap,2025-03-24,37
Shop_B,Soap,2025-03-25,47
Shop_B,Soap,2025-03-26,44
Shop_B,Soap,2025-03-27,36
Shop_B,Soap,2025-03-28,35
Shop_B,Soap,2025-03-29,41
Shop_B,Soap,2025-03-30,46
Shop_B,Soap,2025-03-31,46
Shop_B,Soap,2025-04-01,43
Shop_B,Soap,2025-04-02,42
Shop_B,Soap,2025-04-03,44
Shop_B,Soap,2025-04-04,37
Shop_B,Soap,2025-04-05,50
Shop_B,Soap,2025-04-06,50
Shop_B,Soap,2025-04-07,44
Shop_B,Soap,2025-04-08,42
Shop_B,Soap,2025-04-09,39
Shop_B,Soap,2025-04-10,44
Shop_B,Soap,2025-04-11,38
Shop_B,Soap,2025-04-12,30
Shop_B,Soap,2025-04-13,28
Shop_B,Soap,2025-04-14,38
Shop_B,Soap,2025-04-15,42
Shop_B,Soap,2025-04-16,43
Shop_B,Soap,2025-04-17,39
Shop_B,Soap,2025-04-18,42
Shop_B,Soap,2025-04-19,40
Shop_B,Soap,2025-04-20,37
Shop_B,Soap,2025-04-21,41
Shop_B,Soap,2025-04-22,46
Shop_B,Soap,2025-04-23,37
Shop_B,Soap,2025-04-24,37
Shop_B,Soap,2025-04-25,36
Shop_B,Soap,2025-04-26,32
Shop_B,Soap,2025-04-27,39
Shop_B,Soap,2025-04-28,45
Shop_B,Soap,2025-04-29,42
Shop_B,Soap,2025-04-30,41
Shop_B,Soap,2025-05-01,32
Shop_B,Soap,2025-05-02,29
Shop_B,Soap,2025-05-03,22
Shop_B,Soap,2025-05-04,35
Shop_B,Soap,2025-05-05,37
Shop_B,Soap,2025-05-06,28
Shop_B,Soap,2025-05-07,31
Shop_B,Soap,2025-05-08,30
Shop_B,Soap,2025-05-09,33
Shop_B,Soap,2025-05-10,40
Shop_B,Soap,2025-05-11,37
Shop_B,Soap,2025-05-12,30
Shop_B,Soap,2025-05-13,34
Shop_B,Soap,2025-05-14,38
Shop_B,Soap,2025-05-15,34
Shop_B,Soap,2025-05-16,31
Shop_B,Soap,2025-05-17,34
Shop_B,Soap,2025-05-18,28
Shop_B,Soap,2025-05-19,29
Shop_B,Soap,2025-05-20,26
Shop_B,Soap,2025-05-21,33
Shop_B,Soap,2025-05-22,31
Shop_B,Soap,2025-05-23,27
Shop_B,Soap,2025-05-24,31
Shop_B,Soap,2025-05-25,34
Shop_B,Soap,2025-05-26,41
Shop_B,Soap,2025-05-27,37
Shop_B,Soap,2025-05-28,20
Shop_B,Soap,2025-05-29,33
Shop_B,Soap,2025-05-30,39
Shop_B,Soap,2025-05-31,25
Shop_B,Soap,2025-06-01,34
Shop_B,Soap,2025-06-02,30
Shop_B,Soap,2025-06-03,37
Shop_B,Soap,2025-06-04,34
Shop_B,Soap,2025-06-05,27
Shop_B,Soap,2025-06-06,30
Shop_B,Soap,2025-06-07,31
Shop_B,Soap,2025-06-08,31
Shop_B,Soap,2025-06-09,37
Shop_B,Soap,2025-06-10,27
Shop_B,Soap,2025-06-11,37
Shop_B,Soap,2025-06-12,30
Shop_B,Soap,2025-06-13,33
Shop_B,Soap,2025-06-14,32
Shop_B,Soap,2025-06-15,31
Shop_B,Soap,2025-06-16,31
Shop_B,Soap,2025-06-17,39
Shop_B,Soap,2025-06-18,36
Shop_B,Soap,2025-06-19,30
Shop_B,Soap,2025-06-20,39
Shop_B,Soap,2025-06-21,33
Shop_B,Soap,2025-06-22,33
Shop_B,Soap,2025-06-23,27
Shop_B,Soap,2025-06-24,29
Shop_B,Soap,2025-06-25,28
Shop_B,Soap,2025-06-26,32
Shop_B,Soap,2025-06-27,35
Shop_B,Soap,2025-06-28,33
Shop_B,Soap,2025-06-29,39
Shop_B,Soap,2025-06-30,27
Shop_B,Milk,2025-01-01,22
Shop_B,Milk,2025-01-02,22
Shop_B,Milk,2025-01-03,26
Shop_B,Milk,2025-01-04,17
Shop_B,Milk,2025-01-05,21
Shop_B,Milk,2025-01-06,27
Shop_B,Milk,2025-01-07,24
Shop_B,Milk,2025-01-08,28
Shop_B,Milk,2025-01-09,19
Shop_B,Milk,2025-01-10,12
Shop_B,Milk,2025-01-11,23
Shop_B,Milk,2025-01-12,23
Shop_B,Milk,2025-01-13,28
Shop_B,Milk,2025-01-14,27
Shop_B,Milk,2025-01-15,24
Shop_B,Milk,2025-01-16,25
Shop_B,Milk,2025-01-17,21
Shop_B,Milk,2025-01-18,15
Shop_B,Milk,2025-01-19,22
Shop_B,Milk,2025-01-20,26
Shop_B,Milk,2025-01-21,25
Shop_B,Milk,2025-01-22,26
Shop_B,Milk,2025-01-23,19
Shop_B,Milk,2025-01-24,20
Shop_B,Milk,2025-01-25,24
Shop_B,Milk,2025-01-26,19
Shop_B,Milk,2025-01-27,19
Shop_B,Milk,2025-01-28,23
Shop_B,Milk,2025-01-29,25
Shop_B,Milk,2025-01-30,21
Shop_B,Milk,2025-01-31,16
Shop_B,Milk,2025-02-01,18
Shop_B,Milk,2025-02-02,23
Shop_B,Milk,2025-02-03,22
Shop_B,Milk,2025-02-04,23
Shop_B,Milk,2025-02-05,24
Shop_B,Milk,2025-02-06,22
Shop_B,Milk,2025-02-07,23
Shop_B,Milk,2025-02-08,21
Shop_B,Milk,2025-02-09,27
Shop_B,Milk,2025-02-10,29
Shop_B,Milk,2025-02-11,16
Shop_B,Milk,2025-02-12,20
Shop_B,Milk,2025-02-13,22
Shop_B,Milk,2025-02-14,20
Shop_B,Milk,2025-02-15,30
Shop_B,Milk,2025-02-16,23
Shop_B,Milk,2025-02-17,17
Shop_B,Milk,2025-02-18,24
Shop_B,Milk,2025-02-19,23
Shop_B,Milk,2025-02-20,23
Shop_B,Milk,2025-02-21,31
Shop_B,Milk,2025-02-22,23
Shop_B,Milk,2025-02-23,20
Shop_B,Milk,2025-02-24,12
Shop_B,Milk,2025-02-25,21
Shop_B,Milk,2025-02-26,28
Shop_B,Milk,2025-02-27,21
Shop_B,Milk,2025-02-28,10
Shop_B,Milk,2025-03-01,29
Shop_B,Milk,2025-03-02,36
Shop_B,Milk,2025-03-03,34
Shop_B,Milk,2025-03-04,27
Shop_B,Milk,2025-03-05,29
Shop_B,Milk,2025-03-06,29
Shop_B,Milk,2025-03-07,28
Shop_B,Milk,2025-03-08,21
Shop_B,Milk,2025-03-09,35
Shop_B,Milk,2025-03-10,38
Shop_B,Milk,2025-03-11,24
Shop_B,Milk,2025-03-12,38
Shop_B,Milk,2025-03-13,31
Shop_B,Milk,2025-03-14,38
Shop_B,Milk,2025-03-15,32
Shop_B,Milk,2025-03-16,32
Shop_B,Milk,2025-03-17,33
Shop_B,Milk,2025-03-18,28
Shop_B,Milk,2025-03-19,37
Shop_B,Milk,2025-03-20,26
Shop_B,Milk,2025-03-21,29
Shop_B,Milk,2025-03-22,34
Shop_B,Milk,2025-03-23,29
Shop_B,Milk,2025-03-24,35
Shop_B,Milk,2025-03-25,38
Shop_B,Milk,2025-03-26,37
Shop_B,Milk,2025-03-27,22
Shop_B,Milk,2025-03-28,32
Shop_B,Milk,2025-03-29,37
Shop_B,Milk,2025-03-30,25
Shop_B,Milk,2025-03-31,35
Shop_B,Milk,2025-04-01,35
Shop_B,Milk,2025-04-02,25
Shop_B,Milk,2025-04-03,36
Shop_B,Milk,2025-04-04,33
Shop_B,Milk,2025-04-05,35
Shop_B,Milk,2025-04-06,27
Shop_B,Milk,2025-04-07,32
Shop_B,Milk,2025-04-08,23
Shop_B,Milk,2025-04-09,20
Shop_B,Milk,2025-04-10,32
Shop_B,Milk,2025-04-11,37
Shop_B,Milk,2025-04-12,33
Shop_B,Milk,2025-04-13,31
Shop_B,Milk,2025-04-14,31
Shop_B,Milk,2025-04-15,27
Shop_B,Milk,2025-04-16,30
Shop_B,Milk,2025-04-17,34
Shop_B,Milk,2025-04-18,29
Shop_B,Milk,2025-04-19,35
Shop_B,Milk,2025-04-20,32
Shop_B,Milk,2025-04-21,33
Shop_B,Milk,2025-04-22,36
Shop_B,Milk,2025-04-23,29
Shop_B,Milk,2025-04-24,35
Shop_B,Milk,2025-04-25,30
Shop_B,Milk,2025-04-26,33
Shop_B,Milk,2025-04-27,28
Shop_B,Milk,2025-04-28,27
Shop_B,Milk,2025-04-29,32
Shop_B,Milk,2025-04-30,22
Shop_B,Milk,2025-05-01,20
Shop_B,Milk,2025-05-02,13
Shop_B,Milk,2025-05-03,25
Shop_B,Milk,2025-05-04,27
Shop_B,Milk,2025-05-05,17
Shop_B,Milk,2025-05-06,24
Shop_B,Milk,2025-05-07,26
Shop_B,Milk,2025-05-08,26
Shop_B,Milk,2025-05-09,23
Shop_B,Milk,2025-05-10,25
Shop_B,Milk,2025-05-11,18
Shop_B,Milk,2025-05-12,22
Shop_B,Milk,2025-05-13,19
Shop_B,Milk,2025-05-14,18
Shop_B,Milk,2025-05-15,22
Shop_B,Milk,2025-05-16,23
Shop_B,Milk,2025-05-17,27
Shop_B,Milk,2025-05-18,23
Shop_B,Milk,2025-05-19,25
Shop_B,Milk,2025-05-20,25
Shop_B,Milk,2025-05-21,35
Shop_B,Milk,2025-05-22,12
Shop_B,Milk,2025-05-23,18
Shop_B,Milk,2025-05-24,29
Shop_B,Milk,2025-05-25,20
Shop_B,Milk,2025-05-26,26
Shop_B,Milk,2025-05-27,23
Shop_B,Milk,2025-05-28,32
Shop_B,Milk,2025-05-29,16
Shop_B,Milk,2025-05-30,28
Shop_B,Milk,2025-05-31,30
Shop_B,Milk,2025-06-01,16
Shop_B,Milk,2025-06-02,25
Shop_B,Milk,2025-06-03,17
Shop_B,Milk,2025-06-04,22
Shop_B,Milk,2025-06-05,20
Shop_B,Milk,2025-06-06,9
Shop_B,Milk,2025-06-07,24
Shop_B,Milk,2025-06-08,22
Shop_B,Milk,2025-06-09,29
Shop_B,Milk,2025-06-10,25
Shop_B,Milk,2025-06-11,33
Shop_B,Milk,2025-06-12,22
Shop_B,Milk,2025-06-13,21
Shop_B,Milk,2025-06-14,21
Shop_B,Milk,2025-06-15,19
Shop_B,Milk,2025-06-16,10
Shop_B,Milk,2025-06-17,20
Shop_B,Milk,2025-06-18,11
Shop_B,Milk,2025-06-19,24
Shop_B,Milk,2025-06-20,15
Shop_B,Milk,2025-06-21,17
Shop_B,Milk,2025-06-22,18
Shop_B,Milk,2025-06-23,20
Shop_B,Milk,2025-06-24,22
Shop_B,Milk,2025-06-25,27
Shop_B,Milk,2025-06-26,19
Shop_B,Milk,2025-06-27,24
Shop_B,Milk,2025-06-28,35
Shop_B,Milk,2025-06-29,23
Shop_B,Milk,2025-06-30,21
Shop_C,Rice,2025-01-01,25
Shop_C,Rice,2025-01-02,32
Shop_C,Rice,2025-01-03,28
Shop_C,Rice,2025-01-04,34
Shop_C,Rice,2025-01-05,28
Shop_C,Rice,2025-01-06,32
Shop_C,Rice,2025-01-07,27
Shop_C,Rice,2025-01-08,25
Shop_C,Rice,2025-01-09,35
Shop_C,Rice,2025-01-10,24
Shop_C,Rice,2025-01-11,29
Shop_C,Rice,2025-01-12,31
Shop_C,Rice,2025-01-13,32
Shop_C,Rice,2025-01-14,22
Shop_C,Rice,2025-01-15,33
Shop_C,Rice,2025-01-16,23
Shop_C,Rice,2025-01-17,32
Shop_C,Rice,2025-01-18,30
Shop_C,Rice,2025-01-19,32
Shop_C,Rice,2025-01-20,21
Shop_C,Rice,2025-01-21,30
Shop_C,Rice,2025-01-22,33
Shop_C,Rice,2025-01-23,28
Shop_C,Rice,2025-01-24,23
Shop_C,Rice,2025-01-25,32
Shop_C,Rice,2025-01-26,28
Shop_C,Rice,2025-01-27,19
Shop_C,Rice,2025-01-28,23
Shop_C,Rice,2025-01-29,25
Shop_C,Rice,2025-01-30,35
Shop_C,Rice,2025-01-31,34
Shop_C,Rice,2025-02-01,34
Shop_C,Rice,2025-02-02,29
Shop_C,Rice,2025-02-03,32
Shop_C,Rice,2025-02-04,22
Shop_C,Rice,2025-02-05,28
Shop_C,Rice,2025-02-06,30
Shop_C,Rice,2025-02-07,22
Shop_C,Rice,2025-02-08,29
Shop_C,Rice,2025-02-09,36
Shop_C,Rice,2025-02-10,30
Shop_C,Rice,2025-02-11,32
Shop_C,Rice,2025-02-12,15
Shop_C,Rice,2025-02-13,35
Shop_C,Rice,2025-02-14,27
Shop_C,Rice,2025-02-15,24
Shop_C,Rice,2025-02-16,27
Shop_C,Rice,2025-02-17,20
Shop_C,Rice,2025-02-18,33
Shop_C,Rice,2025-02-19,26
Shop_C,Rice,2025-02-20,24
Shop_C,Rice,2025-02-21,27
Shop_C,Rice,2025-02-22,33
Shop_C,Rice,2025-02-23,28
Shop_C,Rice,2025-02-24,20
Shop_C,Rice,2025-02-25,30
Shop_C,Rice,2025-02-26,23
Shop_C,Rice,2025-02-27,17
Shop_C,Rice,2025-02-28,35
Shop_C,Rice,2025-03-01,40
Shop_C,Rice,2025-03-02,37
Shop_C,Rice,2025-03-03,36
Shop_C,Rice,2025-03-04,44
Shop_C,Rice,2025-03-05,53
Shop_C,Rice,2025-03-06,40
Shop_C,Rice,2025-03-07,32
Shop_C,Rice,2025-03-08,37
Shop_C,Rice,2025-03-09,40
Shop_C,Rice,2025-03-10,26
Shop_C,Rice,2025-03-11,39
Shop_C,Rice,2025-03-12,40
Shop_C,Rice,2025-03-13,44
Shop_C,Rice,2025-03-14,44
Shop_C,Rice,2025-03-15,38
Shop_C,Rice,2025-03-16,45
Shop_C,Rice,2025-03-17,48
Shop_C,Rice,2025-03-18,38
Shop_C,Rice,2025-03-19,40
Shop_C,Rice,2025-03-20,29
Shop_C,Rice,2025-03-21,30
Shop_C,Rice,2025-03-22,33
Shop_C,Rice,2025-03-23,35
Shop_C,Rice,2025-03-24,32
Shop_C,Rice,2025-03-25,37
Shop_C,Rice,2025-03-26,35
Shop_C,Rice,2025-03-27,43
Shop_C,Rice,2025-03-28,35
Shop_C,Rice,2025-03-29,26
Shop_C,Rice,2025-03-30,38
Shop_C,Rice,2025-03-31,37
Shop_C,Rice,2025-04-01,33
Shop_C,Rice,2025-04-02,38
Shop_C,Rice,2025-04-03,32
Shop_C,Rice,2025-04-04,39
Shop_C,Rice,2025-04-05,51
Shop_C,Rice,2025-04-06,28
Shop_C,Rice,2025-04-07,35
Shop_C,Rice,2025-04-08,34
Shop_C,Rice,2025-04-09,35
Shop_C,Rice,2025-04-10,43
Shop_C,Rice,2025-04-11,40
Shop_C,Rice,2025-04-12,42
Shop_C,Rice,2025-04-13,38
Shop_C,Rice,2025-04-14,31
Shop_C,Rice,2025-04-15,32
Shop_C,Rice,2025-04-16,41
Shop_C,Rice,2025-04-17,38
Shop_C,Rice,2025-04-18,44
Shop_C,Rice,2025-04-19,39
Shop_C,Rice,2025-04-20,32
Shop_C,Rice,2025-04-21,35
Shop_C,Rice,2025-04-22,40
Shop_C,Rice,2025-04-23,41
Shop_C,Rice,2025-04-24,42
Shop_C,Rice,2025-04-25,32
Shop_C,Rice,2025-04-26,31
Shop_C,Rice,2025-04-27,37
Shop_C,Rice,2025-04-28,45
Shop_C,Rice,2025-04-29,34
Shop_C,Rice,2025-04-30,40
Shop_C,Rice,2025-05-01,30
Shop_C,Rice,2025-05-02,31
Shop_C,Rice,2025-05-03,36
Shop_C,Rice,2025-05-04,35
Shop_C,Rice,2025-05-05,25
Shop_C,Rice,2025-05-06,17
Shop_C,Rice,2025-05-07,24
Shop_C,Rice,2025-05-08,28
Shop_C,Rice,2025-05-09,26
Shop_C,Rice,2025-05-10,37
Shop_C,Rice,2025-05-11,28
Shop_C,Rice,2025-05-12,31
Shop_C,Rice,2025-05-13,29
Shop_C,Rice,2025-05-14,26
Shop_C,Rice,2025-05-15,18
Shop_C,Rice,2025-05-16,27
Shop_C,Rice,2025-05-17,44
Shop_C,Rice,2025-05-18,21
Shop_C,Rice,2025-05-19,18
Shop_C,Rice,2025-05-20,37
Shop_C,Rice,2025-05-21,31
Shop_C,Rice,2025-05-22,28
Shop_C,Rice,2025-05-23,34
Shop_C,Rice,2025-05-24,23
Shop_C,Rice,2025-05-25,27
Shop_C,Rice,2025-05-26,32
Shop_C,Rice,2025-05-27,38
Shop_C,Rice,2025-05-28,22
Shop_C,Rice,2025-05-29,34
Shop_C,Rice,2025-05-30,29
Shop_C,Rice,2025-05-31,28
Shop_C,Rice,2025-06-01,27
Shop_C,Rice,2025-06-02,21
Shop_C,Rice,2025-06-03,32
Shop_C,Rice,2025-06-04,24
Shop_C,Rice,2025-06-05,22
Shop_C,Rice,2025-06-06,32
Shop_C,Rice,2025-06-07,31
Shop_C,Rice,2025-06-08,28
Shop_C,Rice,2025-06-09,33
Shop_C,Rice,2025-06-10,35
Shop_C,Rice,2025-06-11,34
Shop_C,Rice,2025-06-12,25
Shop_C,Rice,2025-06-13,33
Shop_C,Rice,2025-06-14,29
Shop_C,Rice,2025-06-15,36
Shop_C,Rice,2025-06-16,27
Shop_C,Rice,2025-06-17,26
Shop_C,Rice,2025-06-18,24
Shop_C,Rice,2025-06-19,28
Shop_C,Rice,2025-06-20,30
Shop_C,Rice,2025-06-21,30
Shop_C,Rice,2025-06-22,29
Shop_C,Rice,2025-06-23,31
Shop_C,Rice,2025-06-24,26
Shop_C,Rice,2025-06-25,23
Shop_C,Rice,2025-06-26,23
Shop_C,Rice,2025-06-27,32
Shop_C,Rice,2025-06-28,30
Shop_C,Rice,2025-06-29,18
Shop_C,Rice,2025-06-30,33
Shop_C,Oil,2025-01-01,60
Shop_C,Oil,2025-01-02,41
Shop_C,Oil,2025-01-03,52
Shop_C,Oil,2025-01-04,51
Shop_C,Oil,2025-01-05,46
Shop_C,Oil,2025-01-06,54
Shop_C,Oil,2025-01-07,55
Shop_C,Oil,2025-01-08,42
Shop_C,Oil,2025-01-09,47
Shop_C,Oil,2025-01-10,47
Shop_C,Oil,2025-01-11,46
Shop_C,Oil,2025-01-12,55
Shop_C,Oil,2025-01-13,50
Shop_C,Oil,2025-01-14,49
Shop_C,Oil,2025-01-15,40
Shop_C,Oil,2025-01-16,54
Shop_C,Oil,2025-01-17,44
Shop_C,Oil,2025-01-18,51
Shop_C,Oil,2025-01-19,52
Shop_C,Oil,2025-01-20,57
Shop_C,Oil,2025-01-21,44
Shop_C,Oil,2025-01-22,35
Shop_C,Oil,2025-01-23,51
Shop_C,Oil,2025-01-24,60
Shop_C,Oil,2025-01-25,57
Shop_C,Oil,2025-01-26,52
Shop_C,Oil,2025-01-27,48
Shop_C,Oil,2025-01-28,55
Shop_C,Oil,2025-01-29,46
Shop_C,Oil,2025-01-30,53
Shop_C,Oil,2025-01-31,53
Shop_C,Oil,2025-02-01,56
Shop_C,Oil,2025-02-02,64
Shop_C,Oil,2025-02-03,52
Shop_C,Oil,2025-02-04,48
Shop_C,Oil,2025-02-05,50
Shop_C,Oil,2025-02-06,42
Shop_C,Oil,2025-02-07,47
Shop_C,Oil,2025-02-08,48
Shop_C,Oil,2025-02-09,48
Shop_C,Oil,2025-02-10,51
Shop_C,Oil,2025-02-11,46
Shop_C,Oil,2025-02-12,56
Shop_C,Oil,2025-02-13,51
Shop_C,Oil,2025-02-14,50
Shop_C,Oil,2025-02-15,49
Shop_C,Oil,2025-02-16,51
Shop_C,Oil,2025-02-17,55
Shop_C,Oil,2025-02-18,46
Shop_C,Oil,2025-02-19,47
Shop_C,Oil,2025-02-20,49
Shop_C,Oil,2025-02-21,44
Shop_C,Oil,2025-02-22,46
Shop_C,Oil,2025-02-23,48
Shop_C,Oil,2025-02-24,55
Shop_C,Oil,2025-02-25,52
Shop_C,Oil,2025-02-26,51
Shop_C,Oil,2025-02-27,55
Shop_C,Oil,2025-02-28,50
Shop_C,Oil,2025-03-01,62
Shop_C,Oil,2025-03-02,60
Shop_C,Oil,2025-03-03,62
Shop_C,Oil,2025-03-04,58
Shop_C,Oil,2025-03-05,48
Shop_C,Oil,2025-03-06,60
Shop_C,Oil,2025-03-07,68
Shop_C,Oil,2025-03-08,65
Shop_C,Oil,2025-03-09,65
Shop_C,Oil,2025-03-10,67
Shop_C,Oil,2025-03-11,61
Shop_C,Oil,2025-03-12,61
Shop_C,Oil,2025-03-13,57
Shop_C,Oil,2025-03-14,59
Shop_C,Oil,2025-03-15,64
Shop_C,Oil,2025-03-16,67
Shop_C,Oil,2025-03-17,60
Shop_C,Oil,2025-03-18,58
Shop_C,Oil,2025-03-19,61
Shop_C,Oil,2025-03-20,64
Shop_C,Oil,2025-03-21,53
Shop_C,Oil,2025-03-22,49
Shop_C,Oil,2025-03-23,58
Shop_C,Oil,2025-03-24,54
Shop_C,Oil,2025-03-25,58
Shop_C,Oil,2025-03-26,60
Shop_C,Oil,2025-03-27,58
Shop_C,Oil,2025-03-28,68
Shop_C,Oil,2025-03-29,62
Shop_C,Oil,2025-03-30,62
Shop_C,Oil,2025-03-31,64
Shop_C,Oil,2025-04-01,55
Shop_C,Oil,2025-04-02,66
Shop_C,Oil,2025-04-03,60
Shop_C,Oil,2025-04-04,64
Shop_C,Oil,2025-04-05,55
Shop_C,Oil,2025-04-06,53
Shop_C,Oil,2025-04-07,65
Shop_C,Oil,2025-04-08,62
Shop_C,Oil,2025-04-09,56
Shop_C,Oil,2025-04-10,56
Shop_C,Oil,2025-04-11,66
Shop_C,Oil,2025-04-12,55
Shop_C,Oil,2025-04-13,69
Shop_C,Oil,2025-04-14,56
Shop_C,Oil,2025-04-15,64
Shop_C,Oil,2025-04-16,59
Shop_C,Oil,2025-04-17,64
Shop_C,Oil,2025-04-18,58
Shop_C,Oil,2025-04-19,60
Shop_C,Oil,2025-04-20,61
Shop_C,Oil,2025-04-21,55
Shop_C,Oil,2025-04-22,64
Shop_C,Oil,2025-04-23,58
Shop_C,Oil,2025-04-24,59
Shop_C,Oil,2025-04-25,56
Shop_C,Oil,2025-04-26,48
Shop_C,Oil,2025-04-27,60
Shop_C,Oil,2025-04-28,73
Shop_C,Oil,2025-04-29,64
Shop_C,Oil,2025-04-30,60
Shop_C,Oil,2025-05-01,49
Shop_C,Oil,2025-05-02,51
Shop_C,Oil,2025-05-03,53
Shop_C,Oil,2025-05-04,45
Shop_C,Oil,2025-05-05,56
Shop_C,Oil,2025-05-06,54
Shop_C,Oil,2025-05-07,54
Shop_C,Oil,2025-05-08,53
Shop_C,Oil,2025-05-09,51
Shop_C,Oil,2025-05-10,54
Shop_C,Oil,2025-05-11,53
Shop_C,Oil,2025-05-12,49
Shop_C,Oil,2025-05-13,48
Shop_C,Oil,2025-05-14,51
Shop_C,Oil,2025-05-15,58
Shop_C,Oil,2025-05-16,44
Shop_C,Oil,2025-05-17,43
Shop_C,Oil,2025-05-18,51
Shop_C,Oil,2025-05-19,51
Shop_C,Oil,2025-05-20,51
Shop_C,Oil,2025-05-21,52
Shop_C,Oil,2025-05-22,49
Shop_C,Oil,2025-05-23,58
Shop_C,Oil,2025-05-24,42
Shop_C,Oil,2025-05-25,46
Shop_C,Oil,2025-05-26,50
Shop_C,Oil,2025-05-27,42
Shop_C,Oil,2025-05-28,50
Shop_C,Oil,2025-05-29,59
Shop_C,Oil,2025-05-30,51
Shop_C,Oil,2025-05-31,52
Shop_C,Oil,2025-06-01,44
Shop_C,Oil,2025-06-02,47
Shop_C,Oil,2025-06-03,49
Shop_C,Oil,2025-06-04,49
Shop_C,Oil,2025-06-05,57
Shop_C,Oil,2025-06-06,53
Shop_C,Oil,2025-06-07,45
Shop_C,Oil,2025-06-08,52
Shop_C,Oil,2025-06-09,53
Shop_C,Oil,2025-06-10,56
Shop_C,Oil,2025-06-11,58
Shop_C,Oil,2025-06-12,45
Shop_C,Oil,2025-06-13,46
Shop_C,Oil,2025-06-14,44
Shop_C,Oil,2025-06-15,49
Shop_C,Oil,2025-06-16,53
Shop_C,Oil,2025-06-17,55
Shop_C,Oil,2025-06-18,50
Shop_C,Oil,2025-06-19,49
Shop_C,Oil,2025-06-20,51
Shop_C,Oil,2025-06-21,46
Shop_C,Oil,2025-06-22,61
Shop_C,Oil,2025-06-23,42
Shop_C,Oil,2025-06-24,51
Shop_C,Oil,2025-06-25,61
Shop_C,Oil,2025-06-26,51
Shop_C,Oil,2025-06-27,50
Shop_C,Oil,2025-06-28,49
Shop_C,Oil,2025-06-29,50
Shop_C,Oil,2025-06-30,57
Shop_C,Sugar,2025-01-01,28
Shop_C,Sugar,2025-01-02,22
Shop_C,Sugar,2025-01-03,34
Shop_C,Sugar,2025-01-04,29
Shop_C,Sugar,2025-01-05,33
Shop_C,Sugar,2025-01-06,28
Shop_C,Sugar,2025-01-07,24
Shop_C,Sugar,2025-01-08,31
Shop_C,Sugar,2025-01-09,29
Shop_C,Sugar,2025-01-10,29
Shop_C,Sugar,2025-01-11,37
Shop_C,Sugar,2025-01-12,23
Shop_C,Sugar,2025-01-13,30
Shop_C,Sugar,2025-01-14,24
Shop_C,Sugar,2025-01-15,16
Shop_C,Sugar,2025-01-16,28
Shop_C,Sugar,2025-01-17,29
Shop_C,Sugar,2025-01-18,32
Shop_C,Sugar,2025-01-19,27
Shop_C,Sugar,2025-01-20,21
Shop_C,Sugar,2025-01-21,24
Shop_C,Sugar,2025-01-22,35
Shop_C,Sugar,2025-01-23,24
Shop_C,Sugar,2025-01-24,36
Shop_C,Sugar,2025-01-25,34
Shop_C,Sugar,2025-01-26,27
Shop_C,Sugar,2025-01-27,25
Shop_C,Sugar,2025-01-28,34
Shop_C,Sugar,2025-01-29,27
Shop_C,Sugar,2025-01-30,21
Shop_C,Sugar,2025-01-31,31
Shop_C,Sugar,2025-02-01,31
Shop_C,Sugar,2025-02-02,34
Shop_C,Sugar,2025-02-03,30
Shop_C,Sugar,2025-02-04,26
Shop_C,Sugar,2025-02-05,35
Shop_C,Sugar,2025-02-06,35
Shop_C,Sugar,2025-02-07,30
Shop_C,Sugar,2025-02-08,29
Shop_C,Sugar,2025-02-09,22
Shop_C,Sugar,2025-02-10,25
Shop_C,Sugar,2025-02-11,32
Shop_C,Sugar,2025-02-12,26
Shop_C,Sugar,2025-02-13,21
Shop_C,Sugar,2025-02-14,46
Shop_C,Sugar,2025-02-15,21
Shop_C,Sugar,2025-02-16,40
Shop_C,Sugar,2025-02-17,27
Shop_C,Sugar,2025-02-18,28
Shop_C,Sugar,2025-02-19,25
Shop_C,Sugar,2025-02-20,32
Shop_C,Sugar,2025-02-21,21
Shop_C,Sugar,2025-02-22,19
Shop_C,Sugar,2025-02-23,37
Shop_C,Sugar,2025-02-24,24
Shop_C,Sugar,2025-02-25,32
Shop_C,Sugar,2025-02-26,23
Shop_C,Sugar,2025-02-27,32
Shop_C,Sugar,2025-02-28,37
Shop_C,Sugar,2025-03-01,36
Shop_C,Sugar,2025-03-02,29
Shop_C,Sugar,2025-03-03,47
Shop_C,Sugar,2025-03-04,43
Shop_C,Sugar,2025-03-05,36
Shop_C,Sugar,2025-03-06,37
Shop_C,Sugar,2025-03-07,33
Shop_C,Sugar,2025-03-08,46
Shop_C,Sugar,2025-03-09,36
Shop_C,Sugar,2025-03-10,31
Shop_C,Sugar,2025-03-11,40
Shop_C,Sugar,2025-03-12,34
Shop_C,Sugar,2025-03-13,33
Shop_C,Sugar,2025-03-14,36
Shop_C,Sugar,2025-03-15,39
Shop_C,Sugar,2025-03-16,32
Shop_C,Sugar,2025-03-17,45
Shop_C,Sugar,2025-03-18,42
Shop_C,Sugar,2025-03-19,37
Shop_C,Sugar,2025-03-20,34
Shop_C,Sugar,2025-03-21,38
Shop_C,Sugar,2025-03-22,43
Shop_C,Sugar,2025-03-23,42
Shop_C,Sugar,2025-03-24,44
Shop_C,Sugar,2025-03-25,36
Shop_C,Sugar,2025-03-26,24
Shop_C,Sugar,2025-03-27,45
Shop_C,Sugar,2025-03-28,38
Shop_C,Sugar,2025-03-29,42
Shop_C,Sugar,2025-03-30,47
Shop_C,Sugar,2025-03-31,51
Shop_C,Sugar,2025-04-01,35
Shop_C,Sugar,2025-04-02,39
Shop_C,Sugar,2025-04-03,45
Shop_C,Sugar,2025-04-04,34
Shop_C,Sugar,2025-04-05,36
Shop_C,Sugar,2025-04-06,36
Shop_C,Sugar,2025-04-07,38
Shop_C,Sugar,2025-04-08,37
Shop_C,Sugar,2025-04-09,36
Shop_C,Sugar,2025-04-10,34
Shop_C,Sugar,2025-04-11,43
Shop_C,Sugar,2025-04-12,45
Shop_C,Sugar,2025-04-13,46
Shop_C,Sugar,2025-04-14,36
Shop_C,Sugar,2025-04-15,43
Shop_C,Sugar,2025-04-16,40
Shop_C,Sugar,2025-04-17,36
Shop_C,Sugar,2025-04-18,42
Shop_C,Sugar,2025-04-19,35
Shop_C,Sugar,2025-04-20,37
Shop_C,Sugar,2025-04-21,32
Shop_C,Sugar,2025-04-22,36
Shop_C,Sugar,2025-04-23,40
Shop_C,Sugar,2025-04-24,46
Shop_C,Sugar,2025-04-25,37
Shop_C,Sugar,2025-04-26,33
Shop_C,Sugar,2025-04-27,46
Shop_C,Sugar,2025-04-28,36
Shop_C,Sugar,2025-04-29,30
Shop_C,Sugar,2025-04-30,39
Shop_C,Sugar,2025-05-01,27
Shop_C,Sugar,2025-05-02,40
Shop_C,Sugar,2025-05-03,31
Shop_C,Sugar,2025-05-04,28
Shop_C,Sugar,2025-05-05,24
Shop_C,Sugar,2025-05-06,30
Shop_C,Sugar,2025-05-07,36
Shop_C,Sugar,2025-05-08,30
Shop_C,Sugar,2025-05-09,24
Shop_C,Sugar,2025-05-10,31
Shop_C,Sugar,2025-05-11,28
Shop_C,Sugar,2025-05-12,31
Shop_C,Sugar,2025-05-13,27
Shop_C,Sugar,2025-05-14,27
Shop_C,Sugar,2025-05-15,26
Shop_C,Sugar,2025-05-16,33
Shop_C,Sugar,2025-05-17,27
Shop_C,Sugar,2025-05-18,26
Shop_C,Sugar,2025-05-19,24
Shop_C,Sugar,2025-05-20,31
Shop_C,Sugar,2025-05-21,30
Shop_C,Sugar,2025-05-22,26
Shop_C,Sugar,2025-05-23,25
Shop_C,Sugar,2025-05-24,38
Shop_C,Sugar,2025-05-25,19
Shop_C,Sugar,2025-05-26,31
Shop_C,Sugar,2025-05-27,35
Shop_C,Sugar,2025-05-28,12
Shop_C,Sugar,2025-05-29,32
Shop_C,Sugar,2025-05-30,27
Shop_C,Sugar,2025-05-31,30
Shop_C,Sugar,2025-06-01,27
Shop_C,Sugar,2025-06-02,34
Shop_C,Sugar,2025-06-03,30
Shop_C,Sugar,2025-06-04,29
Shop_C,Sugar,2025-06-05,24
Shop_C,Sugar,2025-06-06,38
Shop_C,Sugar,2025-06-07,29
Shop_C,Sugar,2025-06-08,40
Shop_C,Sugar,2025-06-09,38
Shop_C,Sugar,2025-06-10,20
Shop_C,Sugar,2025-06-11,25
Shop_C,Sugar,2025-06-12,23
Shop_C,Sugar,2025-06-13,28
Shop_C,Sugar,2025-06-14,29
Shop_C,Sugar,2025-06-15,30
Shop_C,Sugar,2025-06-16,34
Shop_C,Sugar,2025-06-17,36
Shop_C,Sugar,2025-06-18,33
Shop_C,Sugar,2025-06-19,26
Shop_C,Sugar,2025-06-20,25
Shop_C,Sugar,2025-06-21,29
Shop_C,Sugar,2025-06-22,31
Shop_C,Sugar,2025-06-23,28
Shop_C,Sugar,2025-06-24,22
Shop_C,Sugar,2025-06-25,32
Shop_C,Sugar,2025-06-26,27
Shop_C,Sugar,2025-06-27,26
Shop_C,Sugar,2025-06-28,28
Shop_C,Sugar,2025-06-29,27
Shop_C,Sugar,2025-06-30,27
Shop_C,Soap,2025-01-01,18
Shop_C,Soap,2025-01-02,31
Shop_C,Soap,2025-01-03,20
Shop_C,Soap,2025-01-04,21
Shop_C,Soap,2025-01-05,24
Shop_C,Soap,2025-01-06,21
Shop_C,Soap,2025-01-07,29
Shop_C,Soap,2025-01-08,34
Shop_C,Soap,2025-01-09,21
Shop_C,Soap,2025-01-10,22
Shop_C,Soap,2025-01-11,24
Shop_C,Soap,2025-01-12,27
Shop_C,Soap,2025-01-13,24
Shop_C,Soap,2025-01-14,31
Shop_C,Soap,2025-01-15,30
Shop_C,Soap,2025-01-16,19
Shop_C,Soap,2025-01-17,27
Shop_C,Soap,2025-01-18,32
Shop_C,Soap,2025-01-19,22
Shop_C,Soap,2025-01-20,23
Shop_C,Soap,2025-01-21,22
Shop_C,Soap,2025-01-22,22
Shop_C,Soap,2025-01-23,16
Shop_C,Soap,2025-01-24,18
Shop_C,Soap,2025-01-25,25
Shop_C,Soap,2025-01-26,32
Shop_C,Soap,2025-01-27,21
Shop_C,Soap,2025-01-28,21
Shop_C,Soap,2025-01-29,33
Shop_C,Soap,2025-01-30,19
Shop_C,Soap,2025-01-31,16
Shop_C,Soap,2025-02-01,20
Shop_C,Soap,2025-02-02,21
Shop_C,Soap,2025-02-03,16
Shop_C,Soap,2025-02-04,24
Shop_C,Soap,2025-02-05,29
Shop_C,Soap,2025-02-06,18
Shop_C,Soap,2025-02-07,25
Shop_C,Soap,2025-02-08,26
Shop_C,Soap,2025-02-09,24
Shop_C,Soap,2025-02-10,25
Shop_C,Soap,2025-02-11,25
Shop_C,Soap,2025-02-12,20
Shop_C,Soap,2025-02-13,32
Shop_C,Soap,2025-02-14,31
Shop_C,Soap,2025-02-15,30
Shop_C,Soap,2025-02-16,30
Shop_C,Soap,2025-02-17,17
Shop_C,Soap,2025-02-18,29
Shop_C,Soap,2025-02-19,28
Shop_C,Soap,2025-02-20,17
Shop_C,Soap,2025-02-21,23
Shop_C,Soap,2025-02-22,26
Shop_C,Soap,2025-02-23,33
Shop_C,Soap,2025-02-24,28
Shop_C,Soap,2025-02-25,20
Shop_C,Soap,2025-02-26,33
Shop_C,Soap,2025-02-27,25
Shop_C,Soap,2025-02-28,23
Shop_C,Soap,2025-03-01,33
Shop_C,Soap,2025-03-02,26
Shop_C,Soap,2025-03-03,34
Shop_C,Soap,2025-03-04,37
Shop_C,Soap,2025-03-05,33
Shop_C,Soap,2025-03-06,37
Shop_C,Soap,2025-03-07,30
Shop_C,Soap,2025-03-08,34
Shop_C,Soap,2025-03-09,36
Shop_C,Soap,2025-03-10,35
Shop_C,Soap,2025-03-11,26
Shop_C,Soap,2025-03-12,32
Shop_C,Soap,2025-03-13,43
Shop_C,Soap,2025-03-14,32
Shop_C,Soap,2025-03-15,35
Shop_C,Soap,2025-03-16,34
Shop_C,Soap,2025-03-17,42
Shop_C,Soap,2025-03-18,41
Shop_C,Soap,2025-03-19,39
Shop_C,Soap,2025-03-20,30
Shop_C,Soap,2025-03-21,36
Shop_C,Soap,2025-03-22,37
Shop_C,Soap,2025-03-23,31
Shop_C,Soap,2025-03-24,30
Shop_C,Soap,2025-03-25,43
Shop_C,Soap,2025-03-26,33
Shop_C,Soap,2025-03-27,43
Shop_C,Soap,2025-03-28,39
Shop_C,Soap,2025-03-29,37
Shop_C,Soap,2025-03-30,37
Shop_C,Soap,2025-03-31,27
Shop_C,Soap,2025-04-01,36
Shop_C,Soap,2025-04-02,42
Shop_C,Soap,2025-04-03,38
Shop_C,Soap,2025-04-04,35
Shop_C,Soap,2025-04-05,43
Shop_C,Soap,2025-04-06,34
Shop_C,Soap,2025-04-07,31
Shop_C,Soap,2025-04-08,35
Shop_C,Soap,2025-04-09,38
Shop_C,Soap,2025-04-10,26
Shop_C,Soap,2025-04-11,36
Shop_C,Soap,2025-04-12,39
Shop_C,Soap,2025-04-13,33
Shop_C,Soap,2025-04-14,40
Shop_C,Soap,2025-04-15,38
Shop_C,Soap,2025-04-16,45
Shop_C,Soap,2025-04-17,31
Shop_C,Soap,2025-04-18,39
Shop_C,Soap,2025-04-19,29
Shop_C,Soap,2025-04-20,26
Shop_C,Soap,2025-04-21,24
Shop_C,Soap,2025-04-22,37
Shop_C,Soap,2025-04-23,35
Shop_C,Soap,2025-04-24,32
Shop_C,Soap,2025-04-25,26
Shop_C,Soap,2025-04-26,31
Shop_C,Soap,2025-04-27,35
Shop_C,Soap,2025-04-28,38
Shop_C,Soap,2025-04-29,34
Shop_C,Soap,2025-04-30,36
Shop_C,Soap,2025-05-01,23
Shop_C,Soap,2025-05-02,33
Shop_C,Soap,2025-05-03,19
Shop_C,Soap,2025-05-04,21
Shop_C,Soap,2025-05-05,22
Shop_C,Soap,2025-05-06,27
Shop_C,Soap,2025-05-07,19
Shop_C,Soap,2025-05-08,25
Shop_C,Soap,2025-05-09,25
Shop_C,Soap,2025-05-10,21
Shop_C,Soap,2025-05-11,26
Shop_C,Soap,2025-05-12,19
Shop_C,Soap,2025-05-13,19
Shop_C,Soap,2025-05-14,25
Shop_C,Soap,2025-05-15,16
Shop_C,Soap,2025-05-16,14
Shop_C,Soap,2025-05-17,27
Shop_C,Soap,2025-05-18,30
Shop_C,Soap,2025-05-19,22
Shop_C,Soap,2025-05-20,21
Shop_C,Soap,2025-05-21,30
Shop_C,Soap,2025-05-22,19
Shop_C,Soap,2025-05-23,18
Shop_C,Soap,2025-05-24,28
Shop_C,Soap,2025-05-25,25
Shop_C,Soap,2025-05-26,30
Shop_C,Soap,2025-05-27,14
Shop_C,Soap,2025-05-28,17
Shop_C,Soap,2025-05-29,25
Shop_C,Soap,2025-05-30,27
Shop_C,Soap,2025-05-31,29
Shop_C,Soap,2025-06-01,25
Shop_C,Soap,2025-06-02,25
Shop_C,Soap,2025-06-03,23
Shop_C,Soap,2025-06-04,32
Shop_C,Soap,2025-06-05,19
Shop_C,Soap,2025-06-06,26
Shop_C,Soap,2025-06-07,20
Shop_C,Soap,2025-06-08,27
Shop_C,Soap,2025-06-09,19
Shop_C,Soap,2025-06-10,28
Shop_C,Soap,2025-06-11,25
Shop_C,Soap,2025-06-12,33
Shop_C,Soap,2025-06-13,23
Shop_C,Soap,2025-06-14,27
Shop_C,Soap,2025-06-15,21
Shop_C,Soap,2025-06-16,23
Shop_C,Soap,2025-06-17,25
Shop_C,Soap,2025-06-18,17
Shop_C,Soap,2025-06-19,17
Shop_C,Soap,2025-06-20,27
Shop_C,Soap,2025-06-21,24
Shop_C,Soap,2025-06-22,22
Shop_C,Soap,2025-06-23,21
Shop_C,Soap,2025-06-24,21
Shop_C,Soap,2025-06-25,25
Shop_C,Soap,2025-06-26,27
Shop_C,Soap,2025-06-27,14
Shop_C,Soap,2025-06-28,32
Shop_C,Soap,2025-06-29,31
Shop_C,Soap,2025-06-30,13
Shop_C,Milk,2025-01-01,36
Shop_C,Milk,2025-01-02,26
Shop_C,Milk,2025-01-03,25
Shop_C,Milk,2025-01-04,23
Shop_C,Milk,2025-01-05,40
Shop_C,Milk,2025-01-06,35
Shop_C,Milk,2025-01-07,28
Shop_C,Milk,2025-01-08,38
Shop_C,Milk,2025-01-09,28
Shop_C,Milk,2025-01-10,32
Shop_C,Milk,2025-01-11,29
Shop_C,Milk,2025-01-12,30
Shop_C,Milk,2025-01-13,30
Shop_C,Milk,2025-01-14,26
Shop_C,Milk,2025-01-15,34
Shop_C,Milk,2025-01-16,32
Shop_C,Milk,2025-01-17,34
Shop_C,Milk,2025-01-18,30
Shop_C,Milk,2025-01-19,24
Shop_C,Milk,2025-01-20,37
Shop_C,Milk,2025-01-21,27
Shop_C,Milk,2025-01-22,30
Shop_C,Milk,2025-01-23,32
Shop_C,Milk,2025-01-24,30
Shop_C,Milk,2025-01-25,33
Shop_C,Milk,2025-01-26,34
Shop_C,Milk,2025-01-27,27
Shop_C,Milk,2025-01-28,37
Shop_C,Milk,2025-01-29,27
Shop_C,Milk,2025-01-30,30
Shop_C,Milk,2025-01-31,27
Shop_C,Milk,2025-02-01,25
Shop_C,Milk,2025-02-02,34
Shop_C,Milk,2025-02-03,44
Shop_C,Milk,2025-02-04,27
Shop_C,Milk,2025-02-05,35
Shop_C,Milk,2025-02-06,27
Shop_C,Milk,2025-02-07,28
Shop_C,Milk,2025-02-08,37
Shop_C,Milk,2025-02-09,23
Shop_C,Milk,2025-02-10,22
Shop_C,Milk,2025-02-11,28
Shop_C,Milk,2025-02-12,32
Shop_C,Milk,2025-02-13,31
Shop_C,Milk,2025-02-14,30
Shop_C,Milk,2025-02-15,29
Shop_C,Milk,2025-02-16,32
Shop_C,Milk,2025-02-17,14
Shop_C,Milk,2025-02-18,25
Shop_C,Milk,2025-02-19,28
Shop_C,Milk,2025-02-20,32
Shop_C,Milk,2025-02-21,36
Shop_C,Milk,2025-02-22,24
Shop_C,Milk,2025-02-23,36
Shop_C,Milk,2025-02-24,26
Shop_C,Milk,2025-02-25,28
Shop_C,Milk,2025-02-26,31
Shop_C,Milk,2025-02-27,27
Shop_C,Milk,2025-02-28,34
Shop_C,Milk,2025-03-01,36
Shop_C,Milk,2025-03-02,37
Shop_C,Milk,2025-03-03,44
Shop_C,Milk,2025-03-04,35
Shop_C,Milk,2025-03-05,40
Shop_C,Milk,2025-03-06,30
Shop_C,Milk,2025-03-07,48
Shop_C,Milk,2025-03-08,45
Shop_C,Milk,2025-03-09,52
Shop_C,Milk,2025-03-10,45
Shop_C,Milk,2025-03-11,33
Shop_C,Milk,2025-03-12,42
Shop_C,Milk,2025-03-13,34
Shop_C,Milk,2025-03-14,46
Shop_C,Milk,2025-03-15,33
Shop_C,Milk,2025-03-16,33
Shop_C,Milk,2025-03-17,30
Shop_C,Milk,2025-03-18,36
Shop_C,Milk,2025-03-19,35
Shop_C,Milk,2025-03-20,32
Shop_C,Milk,2025-03-21,48
Shop_C,Milk,2025-03-22,41
Shop_C,Milk,2025-03-23,41
Shop_C,Milk,2025-03-24,46
Shop_C,Milk,2025-03-25,40
Shop_C,Milk,2025-03-26,35
Shop_C,Milk,2025-03-27,30
Shop_C,Milk,2025-03-28,34
Shop_C,Milk,2025-03-29,46
Shop_C,Milk,2025-03-30,32
Shop_C,Milk,2025-03-31,40
Shop_C,Milk,2025-04-01,44
Shop_C,Milk,2025-04-02,40
Shop_C,Milk,2025-04-03,40
Shop_C,Milk,2025-04-04,42
Shop_C,Milk,2025-04-05,40
Shop_C,Milk,2025-04-06,47
Shop_C,Milk,2025-04-07,33
Shop_C,Milk,2025-04-08,40
Shop_C,Milk,2025-04-09,29
Shop_C,Milk,2025-04-10,28
Shop_C,Milk,2025-04-11,38
Shop_C,Milk,2025-04-12,41
Shop_C,Milk,2025-04-13,47
Shop_C,Milk,2025-04-14,51
Shop_C,Milk,2025-04-15,45
Shop_C,Milk,2025-04-16,42
Shop_C,Milk,2025-04-17,39
Shop_C,Milk,2025-04-18,31
Shop_C,Milk,2025-04-19,38
Shop_C,Milk,2025-04-20,45
Shop_C,Milk,2025-04-21,43
Shop_C,Milk,2025-04-22,32
Shop_C,Milk,2025-04-23,42
Shop_C,Milk,2025-04-24,41
Shop_C,Milk,2025-04-25,40
Shop_C,Milk,2025-04-26,38
Shop_C,Milk,2025-04-27,42
Shop_C,Milk,2025-04-28,42
Shop_C,Milk,2025-04-29,35
Shop_C,Milk,2025-04-30,41
Shop_C,Milk,2025-05-01,28
Shop_C,Milk,2025-05-02,21
Shop_C,Milk,2025-05-03,26
Shop_C,Milk,2025-05-04,21
Shop_C,Milk,2025-05-05,33
Shop_C,Milk,2025-05-06,30
Shop_C,Milk,2025-05-07,27
Shop_C,Milk,2025-05-08,36
Shop_C,Milk,2025-05-09,29
Shop_C,Milk,2025-05-10,21
Shop_C,Milk,2025-05-11,26
Shop_C,Milk,2025-05-12,37
Shop_C,Milk,2025-05-13,25
Shop_C,Milk,2025-05-14,30
Shop_C,Milk,2025-05-15,32
Shop_C,Milk,2025-05-16,31
Shop_C,Milk,2025-05-17,41
Shop_C,Milk,2025-05-18,23
Shop_C,Milk,2025-05-19,23
Shop_C,Milk,2025-05-20,23
Shop_C,Milk,2025-05-21,27
Shop_C,Milk,2025-05-22,34
Shop_C,Milk,2025-05-23,23
Shop_C,Milk,2025-05-24,34
Shop_C,Milk,2025-05-25,29
Shop_C,Milk,2025-05-26,23
Shop_C,Milk,2025-05-27,20
Shop_C,Milk,2025-05-28,21
Shop_C,Milk,2025-05-29,25
Shop_C,Milk,2025-05-30,28
Shop_C,Milk,2025-05-31,35
Shop_C,Milk,2025-06-01,32
Shop_C,Milk,2025-06-02,24
Shop_C,Milk,2025-06-03,31
Shop_C,Milk,2025-06-04,37
Shop_C,Milk,2025-06-05,38
Shop_C,Milk,2025-06-06,27
Shop_C,Milk,2025-06-07,33
Shop_C,Milk,2025-06-08,35
Shop_C,Milk,2025-06-09,21
Shop_C,Milk,2025-06-10,26
Shop_C,Milk,2025-06-11,40
Shop_C,Milk,2025-06-12,27
Shop_C,Milk,2025-06-13,14
Shop_C,Milk,2025-06-14,28
Shop_C,Milk,2025-06-15,34
Shop_C,Milk,2025-06-16,29
Shop_C,Milk,2025-06-17,32
Shop_C,Milk,2025-06-18,33
Shop_C,Milk,2025-06-19,27
Shop_C,Milk,2025-06-20,26
Shop_C,Milk,2025-06-21,29
Shop_C,Milk,2025-06-22,29
Shop_C,Milk,2025-06-23,29
Shop_C,Milk,2025-06-24,29
Shop_C,Milk,2025-06-25,25
Shop_C,Milk,2025-06-26,32
Shop_C,Milk,2025-06-27,31
Shop_C,Milk,2025-06-28,22
Shop_C,Milk,2025-06-29,27
Shop_C,Milk,2025-06-30,29
Shop_D,Rice,2025-01-01,33
Shop_D,Rice,2025-01-02,34
Shop_D,Rice,2025-01-03,37
Shop_D,Rice,2025-01-04,43
Shop_D,Rice,2025-01-05,40
Shop_D,Rice,2025-01-06,38
Shop_D,Rice,2025-01-07,38
Shop_D,Rice,2025-01-08,36
Shop_D,Rice,2025-01-09,38
Shop_D,Rice,2025-01-10,23
Shop_D,Rice,2025-01-11,34
Shop_D,Rice,2025-01-12,37
Shop_D,Rice,2025-01-13,30
Shop_D,Rice,2025-01-14,37
Shop_D,Rice,2025-01-15,34
Shop_D,Rice,2025-01-16,44
Shop_D,Rice,2025-01-17,43
Shop_D,Rice,2025-01-18,33
Shop_D,Rice,2025-01-19,35
Shop_D,Rice,2025-01-20,35
Shop_D,Rice,2025-01-21,33
Shop_D,Rice,2025-01-22,36
Shop_D,Rice,2025-01-23,32
Shop_D,Rice,2025-01-24,30
Shop_D,Rice,2025-01-25,39
Shop_D,Rice,2025-01-26,39
Shop_D,Rice,2025-01-27,31
Shop_D,Rice,2025-01-28,40
Shop_D,Rice,2025-01-29,32
Shop_D,Rice,2025-01-30,37
Shop_D,Rice,2025-01-31,40
Shop_D,Rice,2025-02-01,35
Shop_D,Rice,2025-02-02,38
Shop_D,Rice,2025-02-03,33
Shop_D,Rice,2025-02-04,35
Shop_D,Rice,2025-02-05,34
Shop_D,Rice,2025-02-06,32
Shop_D,Rice,2025-02-07,35
Shop_D,Rice,2025-02-08,28
Shop_D,Rice,2025-02-09,33
Shop_D,Rice,2025-02-10,34
Shop_D,Rice,2025-02-11,34
Shop_D,Rice,2025-02-12,34
Shop_D,Rice,2025-02-13,35
Shop_D,Rice,2025-02-14,38
Shop_D,Rice,2025-02-15,40
Shop_D,Rice,2025-02-16,32
Shop_D,Rice,2025-02-17,29
Shop_D,Rice,2025-02-18,30
Shop_D,Rice,2025-02-19,33
Shop_D,Rice,2025-02-20,34
Shop_D,Rice,2025-02-21,32
Shop_D,Rice,2025-02-22,29
Shop_D,Rice,2025-02-23,33
Shop_D,Rice,2025-02-24,36
Shop_D,Rice,2025-02-25,38
Shop_D,Rice,2025-02-26,33
Shop_D,Rice,2025-02-27,33
Shop_D,Rice,2025-02-28,31
Shop_D,Rice,2025-03-01,45
Shop_D,Rice,2025-03-02,41
Shop_D,Rice,2025-03-03,48
Shop_D,Rice,2025-03-04,37
Shop_D,Rice,2025-03-05,44
Shop_D,Rice,2025-03-06,47
Shop_D,Rice,2025-03-07,46
Shop_D,Rice,2025-03-08,59
Shop_D,Rice,2025-03-09,47
Shop_D,Rice,2025-03-10,40
Shop_D,Rice,2025-03-11,45
Shop_D,Rice,2025-03-12,37
Shop_D,Rice,2025-03-13,45
Shop_D,Rice,2025-03-14,41
Shop_D,Rice,2025-03-15,50
Shop_D,Rice,2025-03-16,43
Shop_D,Rice,2025-03-17,45
Shop_D,Rice,2025-03-18,42
Shop_D,Rice,2025-03-19,54
Shop_D,Rice,2025-03-20,44
Shop_D,Rice,2025-03-21,55
Shop_D,Rice,2025-03-22,50
Shop_D,Rice,2025-03-23,48
Shop_D,Rice,2025-03-24,47
Shop_D,Rice,2025-03-25,47
Shop_D,Rice,2025-03-26,36
Shop_D,Rice,2025-03-27,44
Shop_D,Rice,2025-03-28,50
Shop_D,Rice,2025-03-29,45
Shop_D,Rice,2025-03-30,38
Shop_D,Rice,2025-03-31,45
Shop_D,Rice,2025-04-01,54
Shop_D,Rice,2025-04-02,52
Shop_D,Rice,2025-04-03,45
Shop_D,Rice,2025-04-04,50
Shop_D,Rice,2025-04-05,44
Shop_D,Rice,2025-04-06,37
Shop_D,Rice,2025-04-07,41
Shop_D,Rice,2025-04-08,53
Shop_D,Rice,2025-04-09,44
Shop_D,Rice,2025-04-10,44
Shop_D,Rice,2025-04-11,44
Shop_D,Rice,2025-04-12,55
Shop_D,Rice,2025-04-13,54
Shop_D,Rice,2025-04-14,57
Shop_D,Rice,2025-04-15,45
Shop_D,Rice,2025-04-16,47
Shop_D,Rice,2025-04-17,38
Shop_D,Rice,2025-04-18,53
Shop_D,Rice,2025-04-19,40
Shop_D,Rice,2025-04-20,47
Shop_D,Rice,2025-04-21,40
Shop_D,Rice,2025-04-22,43
Shop_D,Rice,2025-04-23,41
Shop_D,Rice,2025-04-24,42
Shop_D,Rice,2025-04-25,43
Shop_D,Rice,2025-04-26,43
Shop_D,Rice,2025-04-27,50
Shop_D,Rice,2025-04-28,40
Shop_D,Rice,2025-04-29,47
Shop_D,Rice,2025-04-30,52
Shop_D,Rice,2025-05-01,33
Shop_D,Rice,2025-05-02,32
Shop_D,Rice,2025-05-03,34
Shop_D,Rice,2025-05-04,41
Shop_D,Rice,2025-05-05,36
Shop_D,Rice,2025-05-06,33
Shop_D,Rice,2025-05-07,38
Shop_D,Rice,2025-05-08,30
Shop_D,Rice,2025-05-09,39
Shop_D,Rice,2025-05-10,38
Shop_D,Rice,2025-05-11,34
Shop_D,Rice,2025-05-12,31
Shop_D,Rice,2025-05-13,31
Shop_D,Rice,2025-05-14,38
Shop_D,Rice,2025-05-15,42
Shop_D,Rice,2025-05-16,32
Shop_D,Rice,2025-05-17,38
Shop_D,Rice,2025-05-18,25
Shop_D,Rice,2025-05-19,33
Shop_D,Rice,2025-05-20,35
Shop_D,Rice,2025-05-21,31
Shop_D,Rice,2025-05-22,31
Shop_D,Rice,2025-05-23,32
Shop_D,Rice,2025-05-24,37
Shop_D,Rice,2025-05-25,35
Shop_D,Rice,2025-05-26,24
Shop_D,Rice,2025-05-27,25
Shop_D,Rice,2025-05-28,32
Shop_D,Rice,2025-05-29,38
Shop_D,Rice,2025-05-30,22
Shop_D,Rice,2025-05-31,33
Shop_D,Rice,2025-06-01,33
Shop_D,Rice,2025-06-02,42
Shop_D,Rice,2025-06-03,34
Shop_D,Rice,2025-06-04,37
Shop_D,Rice,2025-06-05,36
Shop_D,Rice,2025-06-06,25
Shop_D,Rice,2025-06-07,39
Shop_D,Rice,2025-06-08,37
Shop_D,Rice,2025-06-09,38
Shop_D,Rice,2025-06-10,55
Shop_D,Rice,2025-06-11,25
Shop_D,Rice,2025-06-12,44
Shop_D,Rice,2025-06-13,34
Shop_D,Rice,2025-06-14,37
Shop_D,Rice,2025-06-15,35
Shop_D,Rice,2025-06-16,33
Shop_D,Rice,2025-06-17,33
Shop_D,Rice,2025-06-18,37
Shop_D,Rice,2025-06-19,28
Shop_D,Rice,2025-06-20,39
Shop_D,Rice,2025-06-21,33
Shop_D,Rice,2025-06-22,30
Shop_D,Rice,2025-06-23,33
Shop_D,Rice,2025-06-24,42
Shop_D,Rice,2025-06-25,33
Shop_D,Rice,2025-06-26,37
Shop_D,Rice,2025-06-27,32
Shop_D,Rice,2025-06-28,39
Shop_D,Rice,2025-06-29,39
Shop_D,Rice,2025-06-30,45
Shop_D,Oil,2025-01-01,41
Shop_D,Oil,2025-01-02,45
Shop_D,Oil,2025-01-03,47
Shop_D,Oil,2025-01-04,37
Shop_D,Oil,2025-01-05,37
Shop_D,Oil,2025-01-06,41
Shop_D,Oil,2025-01-07,38
Shop_D,Oil,2025-01-08,33
Shop_D,Oil,2025-01-09,37
Shop_D,Oil,2025-01-10,35
Shop_D,Oil,2025-01-11,48
Shop_D,Oil,2025-01-12,50
Shop_D,Oil,2025-01-13,36
Shop_D,Oil,2025-01-14,44
Shop_D,Oil,2025-01-15,46
Shop_D,Oil,2025-01-16,34
Shop_D,Oil,2025-01-17,42
Shop_D,Oil,2025-01-18,54
Shop_D,Oil,2025-01-19,45
Shop_D,Oil,2025-01-20,40
Shop_D,Oil,2025-01-21,39
Shop_D,Oil,2025-01-22,31
Shop_D,Oil,2025-01-23,44
Shop_D,Oil,2025-01-24,51
Shop_D,Oil,2025-01-25,37
Shop_D,Oil,2025-01-26,32
Shop_D,Oil,2025-01-27,38
Shop_D,Oil,2025-01-28,46
Shop_D,Oil,2025-01-29,39
Shop_D,Oil,2025-01-30,37
Shop_D,Oil,2025-01-31,42
Shop_D,Oil,2025-02-01,43
Shop_D,Oil,2025-02-02,35
Shop_D,Oil,2025-02-03,40
Shop_D,Oil,2025-02-04,39
Shop_D,Oil,2025-02-05,38
Shop_D,Oil,2025-02-06,36
Shop_D,Oil,2025-02-07,46
Shop_D,Oil,2025-02-08,38
Shop_D,Oil,2025-02-09,32
Shop_D,Oil,2025-02-10,43
Shop_D,Oil,2025-02-11,45
Shop_D,Oil,2025-02-12,38
Shop_D,Oil,2025-02-13,39
Shop_D,Oil,2025-02-14,38
Shop_D,Oil,2025-02-15,40
Shop_D,Oil,2025-02-16,47
Shop_D,Oil,2025-02-17,41
Shop_D,Oil,2025-02-18,46
Shop_D,Oil,2025-02-19,37
Shop_D,Oil,2025-02-20,40
Shop_D,Oil,2025-02-21,46
Shop_D,Oil,2025-02-22,37
Shop_D,Oil,2025-02-23,47
Shop_D,Oil,2025-02-24,38
Shop_D,Oil,2025-02-25,40
Shop_D,Oil,2025-02-26,50
Shop_D,Oil,2025-02-27,39
Shop_D,Oil,2025-02-28,42
Shop_D,Oil,2025-03-01,55
Shop_D,Oil,2025-03-02,53
Shop_D,Oil,2025-03-03,53
Shop_D,Oil,2025-03-04,51
Shop_D,Oil,2025-03-05,45
Shop_D,Oil,2025-03-06,53
Shop_D,Oil,2025-03-07,48
Shop_D,Oil,2025-03-08,55
Shop_D,Oil,2025-03-09,58
Shop_D,Oil,2025-03-10,42
Shop_D,Oil,2025-03-11,58
Shop_D,Oil,2025-03-12,49
Shop_D,Oil,2025-03-13,51
Shop_D,Oil,2025-03-14,47
Shop_D,Oil,2025-03-15,52
Shop_D,Oil,2025-03-16,52
Shop_D,Oil,2025-03-17,57
Shop_D,Oil,2025-03-18,48
Shop_D,Oil,2025-03-19,60
Shop_D,Oil,2025-03-20,55
Shop_D,Oil,2025-03-21,52
Shop_D,Oil,2025-03-22,51
Shop_D,Oil,2025-03-23,50
Shop_D,Oil,2025-03-24,50
Shop_D,Oil,2025-03-25,52
Shop_D,Oil,2025-03-26,50
Shop_D,Oil,2025-03-27,48
Shop_D,Oil,2025-03-28,52
Shop_D,Oil,2025-03-29,47
Shop_D,Oil,2025-03-30,53
Shop_D,Oil,2025-03-31,50
Shop_D,Oil,2025-04-01,55
Shop_D,Oil,2025-04-02,56
Shop_D,Oil,2025-04-03,56
Shop_D,Oil,2025-04-04,53
Shop_D,Oil,2025-04-05,54
Shop_D,Oil,2025-04-06,50
Shop_D,Oil,2025-04-07,55
Shop_D,Oil,2025-04-08,55
Shop_D,Oil,2025-04-09,44
Shop_D,Oil,2025-04-10,53
Shop_D,Oil,2025-04-11,58
Shop_D,Oil,2025-04-12,50
Shop_D,Oil,2025-04-13,49
Shop_D,Oil,2025-04-14,49
Shop_D,Oil,2025-04-15,44
Shop_D,Oil,2025-04-16,52
Shop_D,Oil,2025-04-17,52
Shop_D,Oil,2025-04-18,52
Shop_D,Oil,2025-04-19,54
Shop_D,Oil,2025-04-20,48
Shop_D,Oil,2025-04-21,53
Shop_D,Oil,2025-04-22,54
Shop_D,Oil,2025-04-23,49
Shop_D,Oil,2025-04-24,54
Shop_D,Oil,2025-04-25,52
Shop_D,Oil,2025-04-26,48
Shop_D,Oil,2025-04-27,53
Shop_D,Oil,2025-04-28,50
Shop_D,Oil,2025-04-29,55
Shop_D,Oil,2025-04-30,50
Shop_D,Oil,2025-05-01,35
Shop_D,Oil,2025-05-02,43
Shop_D,Oil,2025-05-03,43
Shop_D,Oil,2025-05-04,36
Shop_D,Oil,2025-05-05,45
Shop_D,Oil,2025-05-06,45
Shop_D,Oil,2025-05-07,37
Shop_D,Oil,2025-05-08,38
Shop_D,Oil,2025-05-09,41
Shop_D,Oil,2025-05-10,38
Shop_D,Oil,2025-05-11,45
Shop_D,Oil,2025-05-12,42
Shop_D,Oil,2025-05-13,36
Shop_D,Oil,2025-05-14,37
Shop_D,Oil,2025-05-15,47
Shop_D,Oil,2025-05-16,49
Shop_D,Oil,2025-05-17,44
Shop_D,Oil,2025-05-18,40
Shop_D,Oil,2025-05-19,39
Shop_D,Oil,2025-05-20,44
Shop_D,Oil,2025-05-21,42
Shop_D,Oil,2025-05-22,33
Shop_D,Oil,2025-05-23,47
Shop_D,Oil,2025-05-24,48
Shop_D,Oil,2025-05-25,45
Shop_D,Oil,2025-05-26,36
Shop_D,Oil,2025-05-27,38
Shop_D,Oil,2025-05-28,32
Shop_D,Oil,2025-05-29,49
Shop_D,Oil,2025-05-30,40
Shop_D,Oil,2025-05-31,53
Shop_D,Oil,2025-06-01,51
Shop_D,Oil,2025-06-02,37
Shop_D,Oil,2025-06-03,38
Shop_D,Oil,2025-06-04,44
Shop_D,Oil,2025-06-05,33
Shop_D,Oil,2025-06-06,39
Shop_D,Oil,2025-06-07,39
Shop_D,Oil,2025-06-08,51
Shop_D,Oil,2025-06-09,42
Shop_D,Oil,2025-06-10,40
Shop_D,Oil,2025-06-11,38
Shop_D,Oil,2025-06-12,46
Shop_D,Oil,2025-06-13,39
Shop_D,Oil,2025-06-14,41
Shop_D,Oil,2025-06-15,38
Shop_D,Oil,2025-06-16,34
Shop_D,Oil,2025-06-17,37
Shop_D,Oil,2025-06-18,39
Shop_D,Oil,2025-06-19,40
Shop_D,Oil,2025-06-20,40
Shop_D,Oil,2025-06-21,41
Shop_D,Oil,2025-06-22,39
Shop_D,Oil,2025-06-23,48
Shop_D,Oil,2025-06-24,46
Shop_D,Oil,2025-06-25,41
Shop_D,Oil,2025-06-26,43
Shop_D,Oil,2025-06-27,40
Shop_D,Oil,2025-06-28,27
Shop_D,Oil,2025-06-29,42
Shop_D,Oil,2025-06-30,43
Shop_D,Sugar,2025-01-01,19
Shop_D,Sugar,2025-01-02,31
Shop_D,Sugar,2025-01-03,19
Shop_D,Sugar,2025-01-04,26
Shop_D,Sugar,2025-01-05,27
Shop_D,Sugar,2025-01-06,35
Shop_D,Sugar,2025-01-07,24
Shop_D,Sugar,2025-01-08,34
Shop_D,Sugar,2025-01-09,22
Shop_D,Sugar,2025-01-10,34
Shop_D,Sugar,2025-01-11,25
Shop_D,Sugar,2025-01-12,28
Shop_D,Sugar,2025-01-13,26
Shop_D,Sugar,2025-01-14,34
Shop_D,Sugar,2025-01-15,33
Shop_D,Sugar,2025-01-16,30
Shop_D,Sugar,2025-01-17,22
Shop_D,Sugar,2025-01-18,24
Shop_D,Sugar,2025-01-19,22
Shop_D,Sugar,2025-01-20,16
Shop_D,Sugar,2025-01-21,34
Shop_D,Sugar,2025-01-22,26
Shop_D,Sugar,2025-01-23,26
Shop_D,Sugar,2025-01-24,35
Shop_D,Sugar,2025-01-25,25
Shop_D,Sugar,2025-01-26,23
Shop_D,Sugar,2025-01-27,26
Shop_D,Sugar,2025-01-28,22
Shop_D,Sugar,2025-01-29,29
Shop_D,Sugar,2025-01-30,26
Shop_D,Sugar,2025-01-31,25
Shop_D,Sugar,2025-02-01,25
Shop_D,Sugar,2025-02-02,27
Shop_D,Sugar,2025-02-03,28
Shop_D,Sugar,2025-02-04,25
Shop_D,Sugar,2025-02-05,26
Shop_D,Sugar,2025-02-06,27
Shop_D,Sugar,2025-02-07,27
Shop_D,Sugar,2025-02-08,28
Shop_D,Sugar,2025-02-09,24
Shop_D,Sugar,2025-02-10,33
Shop_D,Sugar,2025-02-11,28
Shop_D,Sugar,2025-02-12,25
Shop_D,Sugar,2025-02-13,29
Shop_D,Sugar,2025-02-14,27
Shop_D,Sugar,2025-02-15,19
Shop_D,Sugar,2025-02-16,29
Shop_D,Sugar,2025-02-17,22
Shop_D,Sugar,2025-02-18,32
Shop_D,Sugar,2025-02-19,26
Shop_D,Sugar,2025-02-20,31
Shop_D,Sugar,2025-02-21,24
Shop_D,Sugar,2025-02-22,28
Shop_D,Sugar,2025-02-23,34
Shop_D,Sugar,2025-02-24,26
Shop_D,Sugar,2025-02-25,25
Shop_D,Sugar,2025-02-26,31
Shop_D,Sugar,2025-02-27,31
Shop_D,Sugar,2025-02-28,25
Shop_D,Sugar,2025-03-01,28
Shop_D,Sugar,2025-03-02,34
Shop_D,Sugar,2025-03-03,41
Shop_D,Sugar,2025-03-04,34
Shop_D,Sugar,2025-03-05,37
Shop_D,Sugar,2025-03-06,34
Shop_D,Sugar,2025-03-07,28
Shop_D,Sugar,2025-03-08,34
Shop_D,Sugar,2025-03-09,41
Shop_D,Sugar,2025-03-10,26
Shop_D,Sugar,2025-03-11,39
Shop_D,Sugar,2025-03-12,32
Shop_D,Sugar,2025-03-13,41
Shop_D,Sugar,2025-03-14,41
Shop_D,Sugar,2025-03-15,37
Shop_D,Sugar,2025-03-16,37
Shop_D,Sugar,2025-03-17,33
Shop_D,Sugar,2025-03-18,31
Shop_D,Sugar,2025-03-19,46
Shop_D,Sugar,2025-03-20,33
Shop_D,Sugar,2025-03-21,45
Shop_D,Sugar,2025-03-22,33
Shop_D,Sugar,2025-03-23,40
Shop_D,Sugar,2025-03-24,32
Shop_D,Sugar,2025-03-25,40
Shop_D,Sugar,2025-03-26,36
Shop_D,Sugar,2025-03-27,36
Shop_D,Sugar,2025-03-28,41
Shop_D,Sugar,2025-03-29,35
Shop_D,Sugar,2025-03-30,30
Shop_D,Sugar,2025-03-31,41
Shop_D,Sugar,2025-04-01,32
Shop_D,Sugar,2025-04-02,40
Shop_D,Sugar,2025-04-03,42
Shop_D,Sugar,2025-04-04,36
Shop_D,Sugar,2025-04-05,43
Shop_D,Sugar,2025-04-06,40
Shop_D,Sugar,2025-04-07,34
Shop_D,Sugar,2025-04-08,45
Shop_D,Sugar,2025-04-09,32
Shop_D,Sugar,2025-04-10,36
Shop_D,Sugar,2025-04-11,36
Shop_D,Sugar,2025-04-12,41
Shop_D,Sugar,2025-04-13,43
Shop_D,Sugar,2025-04-14,43
Shop_D,Sugar,2025-04-15,39
Shop_D,Sugar,2025-04-16,36
Shop_D,Sugar,2025-04-17,28
Shop_D,Sugar,2025-04-18,31
Shop_D,Sugar,2025-04-19,46
Shop_D,Sugar,2025-04-20,28
Shop_D,Sugar,2025-04-21,34
Shop_D,Sugar,2025-04-22,43
Shop_D,Sugar,2025-04-23,39
Shop_D,Sugar,2025-04-24,42
Shop_D,Sugar,2025-04-25,40
Shop_D,Sugar,2025-04-26,45
Shop_D,Sugar,2025-04-27,39
Shop_D,Sugar,2025-04-28,41
Shop_D,Sugar,2025-04-29,34
Shop_D,Sugar,2025-04-30,40
Shop_D,Sugar,2025-05-01,26
Shop_D,Sugar,2025-05-02,25
Shop_D,Sugar,2025-05-03,32
Shop_D,Sugar,2025-05-04,32
Shop_D,Sugar,2025-05-05,36
Shop_D,Sugar,2025-05-06,36
Shop_D,Sugar,2025-05-07,32
Shop_D,Sugar,2025-05-08,19
Shop_D,Sugar,2025-05-09,37
Shop_D,Sugar,2025-05-10,32
Shop_D,Sugar,2025-05-11,24
Shop_D,Sugar,2025-05-12,31
Shop_D,Sugar,2025-05-13,22
Shop_D,Sugar,2025-05-14,31
Shop_D,Sugar,2025-05-15,21
Shop_D,Sugar,2025-05-16,23
Shop_D,Sugar,2025-05-17,31
Shop_D,Sugar,2025-05-18,33
Shop_D,Sugar,2025-05-19,29
Shop_D,Sugar,2025-05-20,26
Shop_D,Sugar,2025-05-21,17
Shop_D,Sugar,2025-05-22,26
Shop_D,Sugar,2025-05-23,30
Shop_D,Sugar,2025-05-24,26
Shop_D,Sugar,2025-05-25,27
Shop_D,Sugar,2025-05-26,27
Shop_D,Sugar,2025-05-27,26
Shop_D,Sugar,2025-05-28,28
Shop_D,Sugar,2025-05-29,26
Shop_D,Sugar,2025-05-30,35
Shop_D,Sugar,2025-05-31,16
Shop_D,Sugar,2025-06-01,25
Shop_D,Sugar,2025-06-02,23
Shop_D,Sugar,2025-06-03,29
Shop_D,Sugar,2025-06-04,28
Shop_D,Sugar,2025-06-05,36
Shop_D,Sugar,2025-06-06,37
Shop_D,Sugar,2025-06-07,24
Shop_D,Sugar,2025-06-08,28
Shop_D,Sugar,2025-06-09,28
Shop_D,Sugar,2025-06-10,24
Shop_D,Sugar,2025-06-11,31
Shop_D,Sugar,2025-06-12,26
Shop_D,Sugar,2025-06-13,22
Shop_D,Sugar,2025-06-14,26
Shop_D,Sugar,2025-06-15,23
Shop_D,Sugar,2025-06-16,33
Shop_D,Sugar,2025-06-17,37
Shop_D,Sugar,2025-06-18,29
Shop_D,Sugar,2025-06-19,28
Shop_D,Sugar,2025-06-20,28
Shop_D,Sugar,2025-06-21,33
Shop_D,Sugar,2025-06-22,33
Shop_D,Sugar,2025-06-23,27
Shop_D,Sugar,2025-06-24,29
Shop_D,Sugar,2025-06-25,31
Shop_D,Sugar,2025-06-26,22
Shop_D,Sugar,2025-06-27,34
Shop_D,Sugar,2025-06-28,36
Shop_D,Sugar,2025-06-29,33
Shop_D,Sugar,2025-06-30,21
Shop_D,Soap,2025-01-01,32
Shop_D,Soap,2025-01-02,17
Shop_D,Soap,2025-01-03,36
Shop_D,Soap,2025-01-04,31
Shop_D,Soap,2025-01-05,26
Shop_D,Soap,2025-01-06,37
Shop_D,Soap,2025-01-07,36
Shop_D,Soap,2025-01-08,31
Shop_D,Soap,2025-01-09,27
Shop_D,Soap,2025-01-10,33
Shop_D,Soap,2025-01-11,33
Shop_D,Soap,2025-01-12,37
Shop_D,Soap,2025-01-13,30
Shop_D,Soap,2025-01-14,38
Shop_D,Soap,2025-01-15,30
Shop_D,Soap,2025-01-16,26
Shop_D,Soap,2025-01-17,27
Shop_D,Soap,2025-01-18,32
Shop_D,Soap,2025-01-19,32
Shop_D,Soap,2025-01-20,34
Shop_D,Soap,2025-01-21,32
Shop_D,Soap,2025-01-22,37
Shop_D,Soap,2025-01-23,31
Shop_D,Soap,2025-01-24,23
Shop_D,Soap,2025-01-25,32
Shop_D,Soap,2025-01-26,22
Shop_D,Soap,2025-01-27,34
Shop_D,Soap,2025-01-28,38
Shop_D,Soap,2025-01-29,28
Shop_D,Soap,2025-01-30,40
Shop_D,Soap,2025-01-31,37
Shop_D,Soap,2025-02-01,39
Shop_D,Soap,2025-02-02,33
Shop_D,Soap,2025-02-03,28
Shop_D,Soap,2025-02-04,36
Shop_D,Soap,2025-02-05,29
Shop_D,Soap,2025-02-06,33
Shop_D,Soap,2025-02-07,32
Shop_D,Soap,2025-02-08,38
Shop_D,Soap,2025-02-09,36
Shop_D,Soap,2025-02-10,32
Shop_D,Soap,2025-02-11,23
Shop_D,Soap,2025-02-12,29
Shop_D,Soap,2025-02-13,36
Shop_D,Soap,2025-02-14,34
Shop_D,Soap,2025-02-15,25
Shop_D,Soap,2025-02-16,23
Shop_D,Soap,2025-02-17,33
Shop_D,Soap,2025-02-18,27
Shop_D,Soap,2025-02-19,28
Shop_D,Soap,2025-02-20,36
Shop_D,Soap,2025-02-21,39
Shop_D,Soap,2025-02-22,29
Shop_D,Soap,2025-02-23,32
Shop_D,Soap,2025-02-24,32
Shop_D,Soap,2025-02-25,32
Shop_D,Soap,2025-02-26,33
Shop_D,Soap,2025-02-27,36
Shop_D,Soap,2025-02-28,29
Shop_D,Soap,2025-03-01,35
Shop_D,Soap,2025-03-02,51
Shop_D,Soap,2025-03-03,48
Shop_D,Soap,2025-03-04,37
Shop_D,Soap,2025-03-05,43
Shop_D,Soap,2025-03-06,48
Shop_D,Soap,2025-03-07,46
Shop_D,Soap,2025-03-08,45
Shop_D,Soap,2025-03-09,42
Shop_D,Soap,2025-03-10,51
Shop_D,Soap,2025-03-11,44
Shop_D,Soap,2025-03-12,40
Shop_D,Soap,2025-03-13,47
Shop_D,Soap,2025-03-14,43
Shop_D,Soap,2025-03-15,44
Shop_D,Soap,2025-03-16,44
Shop_D,Soap,2025-03-17,45
Shop_D,Soap,2025-03-18,38
Shop_D,Soap,2025-03-19,35
Shop_D,Soap,2025-03-20,50
Shop_D,Soap,2025-03-21,44
Shop_D,Soap,2025-03-22,46
Shop_D,Soap,2025-03-23,34
Shop_D,Soap,2025-03-24,48
Shop_D,Soap,2025-03-25,40
Shop_D,Soap,2025-03-26,38
Shop_D,Soap,2025-03-27,42
Shop_D,Soap,2025-03-28,38
Shop_D,Soap,2025-03-29,42
Shop_D,Soap,2025-03-30,42
Shop_D,Soap,2025-03-31,48
Shop_D,Soap,2025-04-01,50
Shop_D,Soap,2025-04-02,50
Shop_D,Soap,2025-04-03,31
Shop_D,Soap,2025-04-04,38
Shop_D,Soap,2025-04-05,31
Shop_D,Soap,2025-04-06,37
Shop_D,Soap,2025-04-07,39
Shop_D,Soap,2025-04-08,45
Shop_D,Soap,2025-04-09,40
Shop_D,Soap,2025-04-10,40
Shop_D,Soap,2025-04-11,43
Shop_D,Soap,2025-04-12,34
Shop_D,Soap,2025-04-13,38
Shop_D,Soap,2025-04-14,40
Shop_D,Soap,2025-04-15,41
Shop_D,Soap,2025-04-16,43
Shop_D,Soap,2025-04-17,50
Shop_D,Soap,2025-04-18,47
Shop_D,Soap,2025-04-19,39
Shop_D,Soap,2025-04-20,41
Shop_D,Soap,2025-04-21,41
Shop_D,Soap,2025-04-22,40
Shop_D,Soap,2025-04-23,44
Shop_D,Soap,2025-04-24,33
Shop_D,Soap,2025-04-25,47
Shop_D,Soap,2025-04-26,51
Shop_D,Soap,2025-04-27,41
Shop_D,Soap,2025-04-28,41
Shop_D,Soap,2025-04-29,43
Shop_D,Soap,2025-04-30,48
Shop_D,Soap,2025-05-01,31
Shop_D,Soap,2025-05-02,37
Shop_D,Soap,2025-05-03,35
Shop_D,Soap,2025-05-04,44
Shop_D,Soap,2025-05-05,31
Shop_D,Soap,2025-05-06,23
Shop_D,Soap,2025-05-07,25
Shop_D,Soap,2025-05-08,33
Shop_D,Soap,2025-05-09,38
Shop_D,Soap,2025-05-10,29
Shop_D,Soap,2025-05-11,31
Shop_D,Soap,2025-05-12,36
Shop_D,Soap,2025-05-13,28
Shop_D,Soap,2025-05-14,29
Shop_D,Soap,2025-05-15,27
Shop_D,Soap,2025-05-16,38
Shop_D,Soap,2025-05-17,40
Shop_D,Soap,2025-05-18,25
Shop_D,Soap,2025-05-19,32
Shop_D,Soap,2025-05-20,40
Shop_D,Soap,2025-05-21,34
Shop_D,Soap,2025-05-22,30
Shop_D,Soap,2025-05-23,25
Shop_D,Soap,2025-05-24,38
Shop_D,Soap,2025-05-25,34
Shop_D,Soap,2025-05-26,25
Shop_D,Soap,2025-05-27,38
Shop_D,Soap,2025-05-28,24
Shop_D,Soap,2025-05-29,31
Shop_D,Soap,2025-05-30,31
Shop_D,Soap,2025-05-31,41
Shop_D,Soap,2025-06-01,31
Shop_D,Soap,2025-06-02,31
Shop_D,Soap,2025-06-03,26
Shop_D,Soap,2025-06-04,29
Shop_D,Soap,2025-06-05,28
Shop_D,Soap,2025-06-06,29
Shop_D,Soap,2025-06-07,33
Shop_D,Soap,2025-06-08,20
Shop_D,Soap,2025-06-09,25
Shop_D,Soap,2025-06-10,32
Shop_D,Soap,2025-06-11,33
Shop_D,Soap,2025-06-12,31
Shop_D,Soap,2025-06-13,32
Shop_D,Soap,2025-06-14,30
Shop_D,Soap,2025-06-15,32
Shop_D,Soap,2025-06-16,35
Shop_D,Soap,2025-06-17,35
Shop_D,Soap,2025-06-18,29
Shop_D,Soap,2025-06-19,37
Shop_D,Soap,2025-06-20,33
Shop_D,Soap,2025-06-21,39
Shop_D,Soap,2025-06-22,40
Shop_D,Soap,2025-06-23,25
Shop_D,Soap,2025-06-24,28
Shop_D,Soap,2025-06-25,37
Shop_D,Soap,2025-06-26,24
Shop_D,Soap,2025-06-27,40
Shop_D,Soap,2025-06-28,31
Shop_D,Soap,2025-06-29,35
Shop_D,Soap,2025-06-30,32
Shop_D,Milk,2025-01-01,63
Shop_D,Milk,2025-01-02,78
Shop_D,Milk,2025-01-03,79
Shop_D,Milk,2025-01-04,70
Shop_D,Milk,2025-01-05,75
Shop_D,Milk,2025-01-06,70
Shop_D,Milk,2025-01-07,63
Shop_D,Milk,2025-01-08,67
Shop_D,Milk,2025-01-09,70
Shop_D,Milk,2025-01-10,67
Shop_D,Milk,2025-01-11,68
Shop_D,Milk,2025-01-12,69
Shop_D,Milk,2025-01-13,69
Shop_D,Milk,2025-01-14,70
Shop_D,Milk,2025-01-15,64
Shop_D,Milk,2025-01-16,66
Shop_D,Milk,2025-01-17,63
Shop_D,Milk,2025-01-18,74
Shop_D,Milk,2025-01-19,59
Shop_D,Milk,2025-01-20,75
Shop_D,Milk,2025-01-21,76
Shop_D,Milk,2025-01-22,68
Shop_D,Milk,2025-01-23,56
Shop_D,Milk,2025-01-24,68
Shop_D,Milk,2025-01-25,69
Shop_D,Milk,2025-01-26,64
Shop_D,Milk,2025-01-27,67
Shop_D,Milk,2025-01-28,77
Shop_D,Milk,2025-01-29,73
Shop_D,Milk,2025-01-30,65
Shop_D,Milk,2025-01-31,62
Shop_D,Milk,2025-02-01,68
Shop_D,Milk,2025-02-02,68
Shop_D,Milk,2025-02-03,72
Shop_D,Milk,2025-02-04,67
Shop_D,Milk,2025-02-05,72
Shop_D,Milk,2025-02-06,79
Shop_D,Milk,2025-02-07,74
Shop_D,Milk,2025-02-08,69
Shop_D,Milk,2025-02-09,69
Shop_D,Milk,2025-02-10,68
Shop_D,Milk,2025-02-11,75
Shop_D,Milk,2025-02-12,66
Shop_D,Milk,2025-02-13,70
Shop_D,Milk,2025-02-14,70
Shop_D,Milk,2025-02-15,67
Shop_D,Milk,2025-02-16,63
Shop_D,Milk,2025-02-17,71
Shop_D,Milk,2025-02-18,69
Shop_D,Milk,2025-02-19,72
Shop_D,Milk,2025-02-20,67
Shop_D,Milk,2025-02-21,76
Shop_D,Milk,2025-02-22,65
Shop_D,Milk,2025-02-23,78
Shop_D,Milk,2025-02-24,61
Shop_D,Milk,2025-02-25,72
Shop_D,Milk,2025-02-26,72
Shop_D,Milk,2025-02-27,66
Shop_D,Milk,2025-02-28,72
Shop_D,Milk,2025-03-01,86
Shop_D,Milk,2025-03-02,68
Shop_D,Milk,2025-03-03,82
Shop_D,Milk,2025-03-04,67
Shop_D,Milk,2025-03-05,75
Shop_D,Milk,2025-03-06,88
Shop_D,Milk,2025-03-07,77
Shop_D,Milk,2025-03-08,74
Shop_D,Milk,2025-03-09,79
Shop_D,Milk,2025-03-10,90
Shop_D,Milk,2025-03-11,70
Shop_D,Milk,2025-03-12,74
Shop_D,Milk,2025-03-13,87
Shop_D,Milk,2025-03-14,89
Shop_D,Milk,2025-03-15,79
Shop_D,Milk,2025-03-16,73
Shop_D,Milk,2025-03-17,90
Shop_D,Milk,2025-03-18,87
Shop_D,Milk,2025-03-19,83
Shop_D,Milk,2025-03-20,75
Shop_D,Milk,2025-03-21,79
Shop_D,Milk,2025-03-22,79
Shop_D,Milk,2025-03-23,81
Shop_D,Milk,2025-03-24,87
Shop_D,Milk,2025-03-25,84
Shop_D,Milk,2025-03-26,74
Shop_D,Milk,2025-03-27,86
Shop_D,Milk,2025-03-28,81
Shop_D,Milk,2025-03-29,83
Shop_D,Milk,2025-03-30,87
Shop_D,Milk,2025-03-31,74
Shop_D,Milk,2025-04-01,79
Shop_D,Milk,2025-04-02,77
Shop_D,Milk,2025-04-03,72
Shop_D,Milk,2025-04-04,81
Shop_D,Milk,2025-04-05,92
Shop_D,Milk,2025-04-06,70
Shop_D,Milk,2025-04-07,79
Shop_D,Milk,2025-04-08,83
Shop_D,Milk,2025-04-09,80
Shop_D,Milk,2025-04-10,79
Shop_D,Milk,2025-04-11,73
Shop_D,Milk,2025-04-12,81
Shop_D,Milk,2025-04-13,76
Shop_D,Milk,2025-04-14,69
Shop_D,Milk,2025-04-15,85
Shop_D,Milk,2025-04-16,84
Shop_D,Milk,2025-04-17,80
Shop_D,Milk,2025-04-18,81
Shop_D,Milk,2025-04-19,85
Shop_D,Milk,2025-04-20,81
Shop_D,Milk,2025-04-21,84
Shop_D,Milk,2025-04-22,78
Shop_D,Milk,2025-04-23,86
Shop_D,Milk,2025-04-24,81
Shop_D,Milk,2025-04-25,80
Shop_D,Milk,2025-04-26,73
Shop_D,Milk,2025-04-27,81
Shop_D,Milk,2025-04-28,75
Shop_D,Milk,2025-04-29,76
Shop_D,Milk,2025-04-30,75
Shop_D,Milk,2025-05-01,64
Shop_D,Milk,2025-05-02,80
Shop_D,Milk,2025-05-03,76
Shop_D,Milk,2025-05-04,79
Shop_D,Milk,2025-05-05,63
Shop_D,Milk,2025-05-06,70
Shop_D,Milk,2025-05-07,63
Shop_D,Milk,2025-05-08,66
Shop_D,Milk,2025-05-09,65
Shop_D,Milk,2025-05-10,76
Shop_D,Milk,2025-05-11,68
Shop_D,Milk,2025-05-12,75
Shop_D,Milk,2025-05-13,73
Shop_D,Milk,2025-05-14,81
Shop_D,Milk,2025-05-15,62
Shop_D,Milk,2025-05-16,76
Shop_D,Milk,2025-05-17,75
Shop_D,Milk,2025-05-18,65
Shop_D,Milk,2025-05-19,75
Shop_D,Milk,2025-05-20,71
Shop_D,Milk,2025-05-21,68
Shop_D,Milk,2025-05-22,65
Shop_D,Milk,2025-05-23,66
Shop_D,Milk,2025-05-24,80
Shop_D,Milk,2025-05-25,70
Shop_D,Milk,2025-05-26,73
Shop_D,Milk,2025-05-27,66
Shop_D,Milk,2025-05-28,66
Shop_D,Milk,2025-05-29,75
Shop_D,Milk,2025-05-30,63
Shop_D,Milk,2025-05-31,67
Shop_D,Milk,2025-06-01,70
Shop_D,Milk,2025-06-02,70
Shop_D,Milk,2025-06-03,69
Shop_D,Milk,2025-06-04,71
Shop_D,Milk,2025-06-05,73
Shop_D,Milk,2025-06-06,73
Shop_D,Milk,2025-06-07,65
Shop_D,Milk,2025-06-08,68
Shop_D,Milk,2025-06-09,75
Shop_D,Milk,2025-06-10,74
Shop_D,Milk,2025-06-11,63
Shop_D,Milk,2025-06-12,71
Shop_D,Milk,2025-06-13,60
Shop_D,Milk,2025-06-14,70
Shop_D,Milk,2025-06-15,79
Shop_D,Milk,2025-06-16,65
Shop_D,Milk,2025-06-17,65
Shop_D,Milk,2025-06-18,73
Shop_D,Milk,2025-06-19,62
Shop_D,Milk,2025-06-20,66
Shop_D,Milk,2025-06-21,72
Shop_D,Milk,2025-06-22,66
Shop_D,Milk,2025-06-23,68
Shop_D,Milk,2025-06-24,73
Shop_D,Milk,2025-06-25,72
Shop_D,Milk,2025-06-26,71
Shop_D,Milk,2025-06-27,68
Shop_D,Milk,2025-06-28,71
Shop_D,Milk,2025-06-29,69
Shop_D,Milk,2025-06-30,72
